examLevelId	content	grammarType	categoryType	grammarDetail	cases
HSK1	小—、第—	语素	前缀		小高去哪儿了？//今天我们学习第一课。
HSK1	—们、—边	语素	后缀		同学们，你们好！//学校里边有超市。//外边正在下雨呢。//电影院在医院的后边。
HSK1	上、下、里、外、前、后	词类	名词	方位名词	桌子上有几本书？//书店里的人很多。//他们都在国外。
HSK1	会、能	词类	动词	能愿动词	我会说中文。//他不会开车。//你明天能不能去？//她生病了，不能来上课。
HSK1	想、要	词类	动词	能愿动词	我想买一些水果。//你想喝茶吗？//他们要去书店。//我要学习汉语。
HSK1	可以	词类	动词	能愿动词	这儿不可以吃东西。//我可以问一个问题吗？
HSK1	看病、睡觉、说话、上课、下课、上班、下班、生病	词类	动词	离合词	他去医院看病了。//我想睡一觉，休息一下（儿）。//上课不要说话。//今天我上中文课。//我下了课要去食堂。//下了班你做什么？//她昨天生病了。
HSK1	多、多少、几、哪、哪儿、哪里、哪些、什么、谁、怎么、怎么样	词类	代词	疑问代词	你弟弟多大？//这件衣服多少钱？//现在几点？//她是哪国人？//你去哪儿？//你住在哪里？//哪些是汉语书？//那是什么？//那个人是谁？//你怎么去学校？//明天天气怎么样？
HSK1	我、你、您、他、她、我们、你们、他们、她们、它、它们、大家	词类	代词	人称代词	我是学生。//你是哪国人？//老师，您好！//他会开车吗？//她是不是老师？//我们都是大学生。//你们是学生吗？//他们去哪儿了？//她们都是我的朋友。//你看，它正在吃饭呢。//这些小狗真漂亮，它们叫什么名字？//大家都喜欢学习汉语。
HSK1	这、那、这儿、那儿、这里、那里、这些、那些、有的、这个、那个、有些	词类	代词	指示代词	这是谁的书？//那个手机多少钱？//我在这儿学习中文。//那儿有一家书店。//这里是我的家。//那里有一家饭店。//这些是老师的书。//我不认识那些人。//到了饭店，大家有的想吃米饭，有的想吃面条。//这个杯子多少钱？//她在那个房间。//有些学生不在学校住。
HSK1	一、二/两、三、四、五、六、七、八、九、零、十、百、半、千	词类	数词		一个、两百、五十八、一百零六、两千三百五十、九点半、半个小时
HSK1	专用名量词：本、个、家、口、块、件、只、元	词类	量词	名量词	这本书是中文书。//我吃了两个包子。//前边有一家书店。//你家有几口人？//我有十块钱。//这只小猫真漂亮。//这件衣服三百元。
HSK1	借用名量词：杯	词类	量词	名量词	喝杯茶吧。
HSK1	日、号、岁、点、分、年、天	词类	量词	时量词	今天几月几日（号）？//她今年几岁？//现在八点二十分。//一年有十二个月。//你一天学习几个汉字？
HSK1	非常、很、太、真、有（一）点儿	词类	副词	程度副词	我非常喜欢学中文。//这里的水果很便宜。//房间里太热了。//这儿的菜真好吃。//今天天气有点儿冷。
HSK1	都1	词类	副词	范围副词	我们都学习汉语。//他们都是中国学生。
HSK1	在、正在	词类	副词	时间副词	他们在做什么？//学生们正在上课。
HSK1	再1	词类	副词	频率副词	我想再买一本。//我再问一个问题，可以吗？
HSK1	还1、也	词类	副词	关联副词	我想吃面条儿，还想吃包子。//我有两个姐姐，还有一个哥哥。//他是学生，我也是学生。//我学习汉语，我弟弟也学习汉语。
HSK1	不、没（有）、不要	词类	副词	否定副词	她不是老师。//我没看电视。//她去超市了，我没有去。//请大家不要说话。
HSK1	在	词类	介词	引出时间、处所	我想在中国工作。//你在哪儿学习中文？
HSK1	和1、对	词类	介词	引出对象	我没和她一起去超市。//我对老师说“谢谢”。
HSK1	和2	词类	连词	连接词语或短语	我和姐姐都喜欢唱歌。//今天和明天都下雨。
HSK1	的1	词类	助词	结构助词	这是你的手机吗？//她是我的好朋友。
HSK1	了1	词类	助词	动态助词	今天我们学了十个汉字。//我买了一些苹果。
HSK1	吧1、了2 、吗、呢1、呢2、呢3	词类	助词	语气助词	我们走吧。//八点了，起床吧。//她病了，在家休息呢。//他是中国人吗？//这个电影好看吗？//她正在学习呢1。//我是中国人，你呢2？//A：你的手机呢3？//B：我的手机在房间里。
HSK1	喂	词类	叹词		喂，请问，李老师在吗？//喂，你去哪儿？
HSK1	联合短语	短语	结构类型	基本结构类型	哥哥姐姐、今天和明天、有没有
HSK1	偏正短语	短语	结构类型	基本结构类型	好朋友、我的书包、很喜欢
HSK1	动宾短语	短语	结构类型	基本结构类型	买东西、回学校、去公司
HSK1	主谓短语	短语	结构类型	基本结构类型	我们学习、孩子高兴、房间很大
HSK1	数量短语	短语	结构类型	其他结构类型	一杯、两个
HSK1	介宾短语	短语	结构类型	其他结构类型	在学校（学习）、对老师（说）、和朋友（说汉语）
HSK1	方位短语	短语	结构类型	其他结构类型	桌子上、饭店里、椅子下边
HSK1	名词、代词或名词性短语作主语	句子成分	主语		电影很好看。//她是老师。//这本书多少钱？
HSK1	名词、代词、数词或数量短语作谓语	句子成分	谓语		明天星期三。//那个饭店怎么样？//我今年十二，我哥哥十五。//这本书二十八块。
HSK1	动词或动词性短语、形容词或形容词性短语作谓语	句子成分	谓语		老师来了。//哥哥去学校了。//我的房间不大。//这个菜很好吃。
HSK1	名词、代词或名词性短语作宾语	句子成分	宾语		我喝茶。//明天我去找你。//我吃了二十个饺子。
HSK1	名词性词语、形容词性短语、数量短语作定语	句子成分	定语		她不会唱中文歌。//我的中文老师是中国人。//我想买便宜的手机。//桌子下边有一只小狗。
HSK1	"副词、形容词作状语
表示时间、处所的词语作状语"	句子成分	状语		他们都是中国学生。//你多吃一点儿。//我们十二点下课。//我妈妈在医院工作。
HSK1	动词+动量补语	句子成分	补语	数量补语1	休息一下吧。//请问一下，医院在哪儿？//我想看一下那件衣服。//请写一下你的名字。
HSK1	主谓句1：动词谓语句	句子的类型	句型	单句	我买了一个面包。//他今天不休息。
HSK1	主谓句2：形容词谓语句	句子的类型	句型	单句	今天天气很热。//你女儿真漂亮！
HSK1	主谓句3：名词谓语句	句子的类型	句型	单句	今天星期一。//现在十二点半。
HSK1	非主谓句	句子的类型	句型	单句	对不起！//下雨了。
HSK1		句子的类型	句类	陈述句	她是我的朋友。//我不想吃面条儿。
HSK1	是非问句	句子的类型	句类	疑问句	他是中国人吗？
HSK1	特指问句	句子的类型	句类	疑问句	他是哪国人？
HSK1	正反问句	句子的类型	句类	疑问句	你想不想学中文？//你吃没吃晚饭？//同学们都来了没有？//今天冷不冷？
HSK1		句子的类型	句类	祈使句	您请坐。//走吧！//请大家不要说话！
HSK1		句子的类型	句类	感叹句	今天真冷啊！//太贵了！
HSK1	表示等同或类属	句子的类型	特殊句型	“是”字句1	我哥哥是大学生。
HSK1	表示领有	句子的类型	特殊句型	“有”字句1	我有哥哥，没有姐姐。
HSK1	所处+是+名词	句子的类型	特殊句型	存现句1	前边是不是电影院？//超市后边是一家饭店。
HSK1	处所+有+数量短语+名词	句子的类型	特殊句型	存现句1	学校外边有一家书店。//桌子上有一本中文书。
HSK1	前后动作先后发生，后一动作是前一动作的目的	句子的类型	特殊句型	连动句1	我来中国学汉语。//晚上我们去电影院看电影。
HSK1	前一动作是后一动作的方式	句子的类型	特殊句型	连动句1	我坐飞机去上海。//爸爸每天开车上班。
HSK1	主语+动词+宾语1+宾语2	句子的类型	特殊句型	双宾语句1	老师给我一本书。//我问你一个问题。
HSK1		句子的类型	复句	不用关联词语的复句	这是我哥哥，他学习中文。//我有一个姐姐，没有妹妹。//她今天生病了，不能上课。//上午去，下午去？你说。
HSK1	……，也……	句子的类型	复句	并列复句	我喜欢唱歌，我弟弟也喜欢唱歌。//这家饭店的饺子很好吃，也很便宜。
HSK1	……，还……	句子的类型	复句	并列复句	这个房间很大，还很漂亮。//我会说英语，还会说汉语。
HSK1	用动态助词“了1”表示	动作的态		完成态	你学了多少个汉字？//我买了一些苹果。
HSK1	用语气助词“了2”表示	动作的态		变化态	八点了，起床吧。//她病了，在家休息呢。
HSK1	……在/正在+动词	动作的态		进行态	同学们在/正在上课。
HSK1	……在/正在+动词……+呢	动作的态		进行态	王老师在/正在打电话呢。
HSK1	……呢	动作的态		进行态	我没看电视，学习呢。
HSK1	钱数表示法	特殊表达法	数的表达法		这本书二十四块（钱）。//包子三块（钱）一个。
HSK1	序数表达法1：第+数词	特殊表达法	数的表达法		今天我们学习第六课。//第一本是我的书，第二本是她的书。
HSK1	年、月、日、星期表示法	特殊表达法	时间表示法		2022年2月4日//九月十五号、五月一日//星期一、星期二、星期三、星期四、星期五、星期六、星期日/星期天
HSK1	钟点表示法	特殊表达法	时间表示法		两点、七点零五、九点二十（分）、十点半
HSK2	面	语素	后缀		我想坐在教室前面。//你的书包里面有什么？//学校后面有一家超市。
HSK2	左、右	词类	名词	方位名词	左边那件多少钱？//你右边那个人是谁？
HSK2	AA、A一A、A了A、ABAB	词类	动词	动词重叠	那本书能给我看看吗？//请大家说一说自己的爱好。//我尝了尝，觉得很好吃。//喝杯茶，休息休息吧。
HSK2	可能	词类	动词	能愿动词	她可能回家了。//小猫可能在房间里。
HSK2	帮忙、游泳、跳舞、跑步	词类	动词	离合词	你能帮我一个忙吗？//晚上一起去游游泳，运动一下吧。//星期六的晚上，我喜欢和朋友们一起唱唱歌，跳跳舞。//有时间你可以去外面跑跑步。
HSK2	为什么	词类	代词	疑问代词	他昨天为什么没来上课？//你为什么想学中文？
HSK2	自己	词类	代词	人称代词	下午我有事，你自己去，可以吗？
HSK2	那么、那样、这么、这样、每	词类	代词	指示代词	他为什么学得那么好？//那样的事情经常有。//这么多人，我们明天再来吧。//这个字这样写，对吗？//你每天怎么去学校？
HSK2	AA、AABB	词类	形容词	形容词重叠	她高高的个子，大大的眼睛，非常漂亮。//大家高高兴兴地回家了。
HSK2	万、好多、多	词类	数词		两万三千、五万零八百、好多东西、好多人、二十多年、五十多人
HSK2	专用名量词：条、位、间、名	词类	量词	名量词	一条裤子、一位老师、一间教室、一名学生
HSK2	借用名量词：包	词类	量词	名量词	一包衣服、一包书
HSK2	次	词类	量词	动量词	去一次、看一次
HSK2	多、好、最	词类	副词	程度副词	这只小狗多可爱啊！//这个教室好大啊！//我最喜欢打篮球。
HSK2	一起	词类	副词	范围副词	晚上我们一起吃饭吧。//一起去看电影，怎么样？
HSK2	还2、已经、有时（候）、快、快要、正	词类	副词	时间副词	他还没有起床呢。//张老师已经下班了。//我有时（候）去超市买东西。//下雨了，快回家吧。//新年快要到了。//我出来的时候，他正睡觉呢。
HSK2	常、经常	词类	副词	频率副词	我不常坐地铁。//你经常上网买东西吗？
HSK2	别	词类	副词	否定副词	下雨了，别出去了。//别忘了，明天有考试。
HSK2	再2、就1	词类	副词	关联副词	我先休息一会儿再工作。//你洗完手再吃水果。//因为身体不舒服，我就没去上课。//他一到北京就去了长城。
HSK2	都2、就2、还是1	词类	副词	语气副词	都十二点了，快睡觉吧。//车站就在那个饭馆旁边。//就买这件白色的吧。//外边很冷，还是多穿一点儿吧。
HSK2	从1	词类	介词	引出时间、处所	我们从八点到十二点上课。//你从哪儿来？
HSK2	往	词类	介词	引出方向、路径	你从这儿往前走。//从这儿往下看，真漂亮啊！
HSK2	从2	词类	介词	引出方向、路径	这路公交车不从学校门口过。//前门没开，咱们从后门进去吧。
HSK2	给	词类	介词	引出对象	我经常给爸爸妈妈打电话。//我给老师买了一杯咖啡。
HSK2	比	词类	介词	引出对象	今天比昨天热。//我觉得红色的比黑色的好看。
HSK2	跟1	词类	介词	引出对象	跟我说说你的爱好吧。//我跟他见过一次。
HSK2	因为1	词类	介词	引出原因	因为中国电影，我开始学习中文。
HSK2	跟2	词类	连词	连接词或短语	爸爸跟妈妈都不在家。//我跟哥哥都在中国上学。
HSK2	但、但是、那、虽然、还是2、因为2、所以	词类	连词	连接分句或者句子	这家饭馆的菜很好吃，但/但是有点儿贵。//你不舒服，那就别去了。//手机虽然不大，但/但是能帮我们做很多事。//你想喝茶还是喝咖啡？//因为我最近每天看手机，所以眼睛有点儿不舒服。
HSK2	得、地	词类	助词	结构助词	他汉语说得很好。//大家正在高兴地唱歌。
HSK2	过	词类	助词	动态助词	你学过中文吗？//我没去过北京。
HSK2	着	词类	助词	动态助词	他穿着一条黑色的裤子。//教室的门开着。//他们唱着歌，跳着舞，非常高兴。
HSK2	呢4、吧2、的2、啊1	词类	助词	语气助词	她怎么不在家呢？//明天你想去哪儿呢？//这是你的手机吧？//这么晚了，超市已经关门了吧？//我是去年九月来中国的。//我们是在北京认识的。//他们是坐飞机去上海的。//今天的晚饭是我做的。//你汉语说得真好啊！
HSK2	动补短语1	短语	结构类型	基本结构类型	听懂、回去、跑得很快、等一下
HSK2	“的”字短语	短语	结构类型	其他结构类型	老师的、白色的、便宜的、妈妈做的
HSK2	连谓短语	短语	结构类型	其他结构类型	来上课、去上海旅游、坐地铁去学校
HSK2	兼语短语	短语	结构类型	其他结构类型	请他来、叫朋友帮忙、让妈妈洗衣服
HSK2		短语	功能类型	名词性短语	新电脑、老师的书、火车票、一个男孩、两条、这间
HSK2		短语	功能类型	动词性短语	写汉字、听懂、回去、经常上网、可以进去
HSK2		短语	功能类型	形容词性短语	很累、非常忙、慢一点儿
HSK2	什么的	短语	固定短语	其他	他喜欢唱歌、跳舞什么的。//足球、篮球什么的，我都喜欢。
HSK2	还是……吧	固定格式			这些菜我都没吃过，还是你点吧。//你还是去医院看看吧。
HSK2	要/快要/就要……了	固定格式			电影要开始了。//我们快要开学了。//下星期就要考试了。
HSK2	都……了	固定格式			都这么晚了，你怎么还不睡觉？//都十一点了，别看电视了。
HSK2	受事主语	句子成分	主语		水果都吃完了。//那本书我看过了。
HSK2	名词性短语作谓语	句子成分	谓语		她高个子、大眼睛，很漂亮。//王老师上海人，四十多岁。
HSK2	动词或动词性短语、主谓短语作定语	句子成分	定语		那个唱歌的女孩儿是谁？//这就是儿子我学习汉语的学校。//我还不知道电影开始的时间。
HSK2	动词+错/懂/好/会/完	句子成分	补语	结果补语1	这个字你写错了。//老师的话你听懂了吗？//衣服已经洗好了。//我学会游泳了。//题太多了，我没做完。
HSK2	简单趋向补语的趋向意义用法：动词+来/去	句子成分	补语	趋向补语1	你上来吧，我在楼上等你。//太晚了，你快回去吧。
HSK2	简单趋向补语的趋向意义用法：动词+上/下/进/出/过/回	句子成分	补语	趋向补语1	飞机飞上天了。//弟弟跑下楼了。//老师走进办公室了。//他从包里拿出一本书。//我们一起走回学校吧。
HSK2	复合趋向补语的趋向意义用法：动词+出来/出去/过来/过去/回来/回去/进来/进去/起来/上来/上去/下来/下去	句子成分	补语	趋向补语1	车开过来了，大家快上车。//她在那边等着呢，咱们走过去吧。//他从书包里拿出来一本中文书。//妈妈从超市买回来一些水果。//王老师我走进教室来了。//咱们的车能开进学校去吗？//你可以站起来吗？//他们怎么还没有走上来？//你在楼上等我，我给你送上去。//他们从山上走下来了。//这些东西你帮我拿下去吧。
HSK2	动词+得+形容词性短语	句子成分	补语	状态补语1	大家玩儿得很高兴。//他篮球打得很好。
HSK2	表示动作持续的时间	句子成分	补语	数量补语2	我学了两年中文了。//我等了她一个多小时。//他们昨天看了一晚上的电视。
HSK2	形容词+数量补语	句子成分	补语	数量补语2	坐地铁比坐公交车快一些。//我哥哥比我大两岁。
HSK2	主谓句4：主谓谓语句	句子的类型	句型	单句	她个子很高。//这件事我知道。
HSK2	用“还是”连接的选择问句	句子的类型	句类	疑问句	是我自己去，还是你跟我一起去？//你喜欢打篮球，还是喜欢踢足球？
HSK2	用“别”的祈使句	句子的类型	句类	祈使句	下雨了，别出去了。//别忘了，明天有考试。
HSK2	表示说明或特征	句子的类型	特殊句式	“是”字句2	那件衣服是新的。//这个手机是坏的，不能用。
HSK2	表示达到	句子的类型	特殊句式	“有”字句2	王老师有三十岁吗？//这些水果有一百块钱吗？
HSK2	处所+动词+着(+数量短语)+名词	句子的类型	特殊句式	存现句2	门口站着一个人。//教室里坐着十几个学生。
HSK2	A比B+形容词	句子的类型	特殊句式	比较句1	姐姐比我高。//公交车比地铁便宜。
HSK2	A比B+形容词+数量补语/程度补语	句子的类型	特殊句式	比较句1	哥哥比我大两岁。//咖啡比奶茶贵一点儿。//今天比昨天冷多了。//姐姐的个子比妹妹高得多。
HSK2	A有/没有B（+这么/那么）+形容词	句子的类型	特殊句式	比较句1	你有他高吗？//今天没有昨天（那么）冷。//我的汉语没有你（这么）好。
HSK2	A比B+动词+得+形容词/A+动词+得+比+B+形容词	句子的类型	特殊句式	比较句1	她比我说得好。//我跑得比弟弟快。
HSK2	强调时间、地点、方式、动作者	句子的类型	特殊句式	“是……的”句1	我是去年九月来中国的。//我们是在北京认识的。//他们是坐飞机去上海的。//今天的晚饭是我做的。
HSK2	表使令：主语+请/叫/让……+宾语1+动词+宾语2	句子的类型	特殊句式	兼语句1	妈妈叫我去超市买水果。//我想请老师教我中文。//老师让我们介绍一下自己的爱好。
HSK2	主语+动词+给+宾语1+宾语2	句子的类型	特殊句式	双宾语句2	爸爸送给我一个新手机。//他卖给我一本中文书。
HSK2	（是）……，还是……	句子的类型	复句	选择复句	你（是）喝茶，还是喝咖啡？//你（是）喜欢白色的，还是黑色的？
HSK2	虽然……，但是……	句子的类型	复句	转折复句	虽然学习的时间不长，但是他汉语说得很好。//学汉语虽然难，但是很有意思。
HSK2	因为……，所以……	句子的类型	复句	因果复句	因为机票太贵了，所以我准备坐火车去。//因为我爸爸在中国工作，所以我来这儿学习中文。
HSK2	一……就……	句子的类型	复句	紧缩复句	他一下课就去打篮球了。//我一到商场就想买东西。
HSK2	动词+着：表示状态的持续	动作的态		持续态	门开着，你进去吧。//别站着，快请坐。
HSK2	动词+着：表示动作的持续	动作的态		持续态	他们正吃着饭呢。//教室里正上着课呢。
HSK2	用动态助词“过”表示	动作的态		经历态	你学过中文吗？//我没去过北京。
HSK2	序数表示法2：数词+量词	特殊表达法	数的表达法		我的房间在三楼。//你可以坐304路公交车。
HSK2	概数表达法1：用“几”表示概数	特殊表达法	数的表达法		这几件衣服你帮我洗一下。//我们学校有几百名外国学生。
HSK2	概数表达法1：数词+多+量词	特殊表达法	数的表达法		教室里有二十多个学生。//那个手机五千多块钱。
HSK2	概数表达法1：数词+量词+多	特殊表达法	数的表达法		我来中国已经三年多了。//王老师的儿子今年六岁多了。
HSK3	老—	语素	前缀		这家饭店的经理老李是我的朋友。
HSK3	—家、—子、—员	语素	后缀		你听说过这个画家吗？//屋子有点儿小，可是很干净。//她以前是一名羽毛球运动员。
HSK3	东、南、西、北、北方、东方、南方、西方、中间	词类	名词	方位名词	我听说北方的冬天很冷。//中国的北方和南方我都去过。//你们两个人中间的那个人是谁？//东方人和西方人的生活习惯不太一样。
HSK3	需要、该、应该、愿意、得	词类	动词	能愿动词	从这儿过去，大概需要多长时间？//医生说我感冒了，需要吃药。//已经十一点了，你该睡觉了。//你学了一天了，该休息休息了。//我们应该多练习说中文。//我要去动物园，应该怎么坐车呢？//你愿意帮我学习汉语吗？//我很愿意参加这次汉语比赛。//要上课了，咱们得快点儿走。//我明天有考试，今天得认真复习。
HSK3	动宾式离合词：放假、见面、结婚、洗澡	词类	动词	离合词	我放了假就准备去旅游。//我们已经很长时间没见过面了。//结了婚以后，你还打算工作吗？//你先去洗个澡，休息一会儿。
HSK3	动补式离合词：打开、看见、离开、完成、分开	词类	动词	离合词	我打不开这瓶水，你能帮帮我吗？//黑板上的字你看得见吗？//他已经离不开这个地方了。//今天的作业我可能完不成了。//我的中文越来越好，跟老师的帮助是分不开的。
HSK3	怎样	词类	代词	疑问代词	怎样才能学好中文呢？//他是怎样一个人？
HSK3	疑问代词的非疑问用法：任指用法：①疑问代词+都……    ②疑问代词+疑问代词	词类	代词	疑问代词	这次旅行谁都可以参加。//我最近感冒了，哪儿都没去。//谁感兴趣谁就去参加。//你想吃什么就点什么吧。
HSK3	疑问代词的非疑问用法：不定指用法	词类	代词	疑问代词	我好像在哪儿见过她。//你先吃点儿什么再走吧。//我下周搬家，想请谁来帮帮忙。//咱们哪天一起去踢足球吧。
HSK3	别人、咱们	词类	代词	人称代词	我不太清楚，你问问别人吧。//别人能学好，我也一定能学好。//咱们明天一起去动物园，怎么样？//要迟到了，咱们快走吧。
HSK3	别的、其他	词类	代词	指示代词	除了北京，你还去过别的城市吗？//我喜欢学习别的国家的语言和文化。//其他同学都回国了，只有我还在中国。//除了看足球比赛，你还有其他爱好吗？
HSK3	专用名量词：把、双、张、种、层、封、页、辆、节、所、班、段、头、句公斤、斤、角、毛、刻、米	词类	量词	名量词	下雨了，记得带一把伞。//我在网上买了两双鞋。//桌子上放着几张照片。//这里有多少种水果？//我们的教室在四层。//我想给我的爸爸妈妈写一封信。//请大家打开书，第五页。//那辆黑色的自行车是我的。//我每周都有一节中文课。//这个城市一共有三所大学。//咱们坐下一班地铁走吧。//请大家用这些词写一段话。//爷爷家里养了十几头牛。//这句话是什么意思？//苹果多少钱一斤/公斤？//这些一共八块五角（毛）钱。//现在八点一刻。//我哥哥身高一米八五。
HSK3	借用名量词：碗、盘	词类	量词	名量词	我要一碗面条和一碗米饭。//中午我在食堂吃了一盘饺子。
HSK3	口、回、遍、声	词类	量词	动量词	他喝了一口茶，然后开始工作。//我已经说过好几回了，但他还是不记得。//对不起，我没听懂，请再说一遍。//她跟我说了一声“谢谢”就走了。
HSK3	个个、张张	词类	量词	量词重叠	这些苹果个个都很大。//他画的画，张张都很漂亮。
HSK3	比较、还3、更、特别、挺、有些、越、极	词类	副词	程度副词	这本书的内容比较简单，我读得很快。//外面太热了，屋子里还凉快一些。//搬家以后，我们的生活更方便了。//我弟弟特别喜欢看足球比赛。//多穿点儿衣服，外面挺冷的。//孩子这么晚还没回来，妈妈心里有些着急。//冬天快要到了，天气越来越冷了。//我对中国历史极有兴趣。//他工作特别忙，周末极少休息。
HSK3	就3、一块儿、一共、只、到处、只是	词类	副词	范围副词	我就要两斤苹果，不要别的。//办公室里就张老师一个人。//你跟我一块儿去图书馆，好吗？//我们经常一块儿踢足球。//你们班一共有多少留学生？//这些水果一共多少钱？//我只有一个哥哥，没有弟弟妹妹。//她只说了自己的名字，没说别的。//公园里到处都是锻炼身体的老人。//她只是笑了笑，一句话也没说。
HSK3	才1、马上、先、一会儿、刚、刚刚、一直	词类	副词	时间副词	他才到家，还没有吃饭呢。//我才搬来北京，还不太习惯这里的生活//请等一下，我马上来。//接了电话，她马上就跑出去了。//你先走吧，我还有工作要做。//我想先洗个澡，然后再写作业。//最近天气变化很快，一会儿阴，一会儿晴。//他刚开始学汉语，说得还不太好。//报纸是早上刚送来的。//刚刚还是晴天，怎么突然下雨了？//他不在，刚刚出去。//我一直都住在北京。//别出去了，外面一直在下雨。
HSK3	总、总是、又、常常	词类	副词	频率副词	一到冬天，孩子就总生病。//上学的时候，我总是让爸爸开车送我。//那个电影太有意思了，我昨天又看了一遍。//下课以后，我常常去体育馆打篮球。
HSK3	一边	词类	副词	关联副词	孩子们高兴地一边唱歌一边跳舞。//我想找一个工作，一边工作一边学习。
HSK3	大概、必须、差不多、一定、好像、几乎	词类	副词	情态副词	他大概已经回家了。//你们学校大概有多少留学生？//我必须做完才能下班。//老师要求我们必须每天复习。//我学习中文差不多三年了。//我跟哥哥差不多高。//放心，我一定不会迟到。//我明天不一定有时间。//她好像没有明白我的意思。//我好像在哪里见过她。//他几乎每天都去图书馆学习。//他太忙了，几乎没有时间休息。
HSK3	当然、其实、终于、才2、才3、就4	词类	副词	语气副词	我当然愿意帮助你。//当然没问题，欢迎你参加。//这个问题其实不难。//我以为他回国了，其实他一直在中国。//经过一年多的努力，工作终于完成了。//考试终于都结束了，我太开心了。//课文有点儿难，我读了三遍才2明白。//这些旧书才3卖了二十多块钱。//她今天六点半就起床了。//这个句子不难，我听一遍就懂了。
HSK3	不必、不用	词类	副词	否定副词	你可以用手机买票，不必去车站，非常方便。//不用担心，我们帮你一起准备。
HSK3	为1、向1、关于	词类	介词	引出对象	生日快乐，这是我为你做的蛋糕。//大家为这次比赛做了很多准备。//如果你不能去上课，应该向老师请假。//老师让我们向她学习。//关于这个问题，我们还需要认真讨论。//关于比赛的时间，我明天一定告诉大家。
HSK3	向2	词类	介词	引出方向、路径	他向门口走去，好像准备离开。//老师让大家看向前边。
HSK3	为了、为2	词类	介词	引出目的、原因	为了身体健康，我们应该坚持锻炼。//妈妈经常为了工作睡得很晚。//大家都为我的好成绩感到高兴。//同学们都在为下个星期的考试做准备。
HSK3	把、被	词类	介词	引出施事、受事	你把箱子放在这儿吧。//我的自行车被朋友借走了。
HSK3	根据	词类	介词	引出凭借、依据	大家可以根据兴趣选择自己喜欢的运动。//根据要求，我们必须参加明天的会议。
HSK3	或、或者	词类	连词	连接词或者短语	我喝茶或/或者咖啡都可以。//我们可以打车或/或者坐地铁去。
HSK3	只有、只要、不但、而且、如果、可1、可是、然后	词类	连词	连接分句或句子	只有大家一起想办法，才能解决这个问题。//只要你想学，就一定能学好。//我不但学习了中文，而且认识了很多新朋友。//如果你有时间，我想请你参加我的生日晚会。//她特别想来中国看看，可一直没有合适的机会。//我很早就到了机场，可是没想到飞机晚点了。//你先去那边买票，然后过来找我。
HSK3	的话	词类	助词	其他助词	你喜欢的话，就送给你吧。//如果明天下雨的话，我们就不去爬山了。
HSK3	同位短语	短语	结构类型	其他结构类型	首都北京、她一个人、我们学生
HSK3	动补短语2	短语	结构类型	其他结构类型	漂亮极了、累坏了、看不懂、写得完
HSK3	数量重叠：数词+量词+数词+量词	短语	结构类型	其他结构类型	工作要一步一步地做。//老师一句一句地教我们读课文。
HSK3	不A 不 B	短语	固定短语	四字格	这件衣服不大不小，特别合适。//最近天气不冷不热，很舒服。
HSK3	不一会儿	短语	固定短语	其他	不一会儿，张校长就来了。//时间不一会儿就过去了。
HSK3	看来	短语	固定短语	其他	电梯坏了，看来咱们只能走楼梯了。//这么晚了，看来他今天不会来了。
HSK3	在……看来	短语	固定短语	其他	在同事们看来，她对工作非常认真。//在我看来，坚持读书是一种很好的习惯。
HSK3	越来越	短语	固定短语	其他	听说学习中文的年轻人越来越多。//我越来越习惯这里的生活了。
HSK3	看起来	短语	固定短语	其他	这些菜看起来都很好吃。//那个新来的老师看起来很年轻。
HSK3	看上去	短语	固定短语	其他	这道题看上去很难，其实很简单。//她看上去不像五十多岁的人。
HSK3	一般来说	短语	固定短语	其他	一般来说，早上锻炼身体比较好。//一般来说，学习外语需要多练习。
HSK3	不怎么样	短语	固定短语	其他	我觉得这些照片照得不怎么样。//虽然考试前我复习了很长时间，但是成绩不怎么样。
HSK3	除了 ……（以外），……还/也/都……	固定格式			除了看新闻（以外），人们还/也可以在网上看电影、买东西。//除了北京（以外），别的城市我都没去过。
HSK3	从……起	固定格式			从那天起，我们就变成了好朋友。//从现在起，我一定要努力学习。
HSK3	对……来说	固定格式			对他来说，这个机会非常重要。//对我来说，学习汉语很有意思。
HSK3	一……也/都+不/没……	固定格式			来中国以前，我一句汉语也不会说。//你说的这些地方我一个都没去过。
HSK3	一点儿也不	固定格式			快要考试了，你怎么一点儿也不着急？//今天天气很好，一点儿也不冷。
HSK3	越……越……	固定格式			我想认识中国朋友，越多越好。//医生让我多休息，休息得越多，好得越快。
HSK3	（在）……以前/以后/前/后	固定格式			考试以前，你一定要认真复习。//来到中国以后，我慢慢习惯了这里的生活。//睡觉前别忘记吃药。//放学后，我要参加留学生篮球比赛。//在离开中国以前，我一定要去长城看看。
HSK3	X什么(啊)	固定格式			难过什么啊，你的成绩不是挺好的吗？//方便什么啊，附近一个超市都没有。
HSK3	该……了	固定格式			八点了，该上课了。//下周要考试，我该复习了。
HSK3	在……上/下/中	固定格式			在学习上，老师和同学给了我许多帮助。//在父母的影响下，我从小就对中文很感兴趣。//在这次比赛中，我认识了一些新朋友。
HSK3	动词或动词性短语、形容词或形容词性短语作主语	句子成分	主语		哭没有用。//多穿一点儿比较好。//太胖了不好，太瘦了也不好。
HSK3	主谓短语作主语	句子成分	主语		你来也可以。//身体健康最重要。
HSK3	多项定语	句子成分	定语		我昨天新买的那条黑色的裤子你放在哪儿了？//前面那个穿着蓝衬衫的短头发高个子的老人就是我的中文老师。
HSK3	动词+到/住/走/上	句子成分	补语	结果补语2	火车票你买到了没有？//老师说的话我都记住了。//我的自行车让朋友骑走了。//下班的时候，别忘了关上电脑。
HSK3	趋向补语的引申用法：表示结果意义：动词+出/起/下	句子成分	补语	趋向补语2	我们终于想出了一个好办法。//你想起她的名字了没有？//请在这儿写下您的电话。
HSK3	趋向补语的引申用法：表示动作行为的开始：动词+上/起来	句子成分	补语	趋向补语2	饿了一天，我们终于吃上饭了。//儿子刚到家就玩上了电脑游戏。//他们一见面就聊起来了。//妈妈一出门，孩子就哭起来了。
HSK3	趋向补语的引申用法：表示动作行为的持续：动词+下去/下来	句子成分	补语	趋向补语2	虽然学习汉语不容易，但是我一定会坚持下去。//在老师的帮助下，我一定可以学下去。//在过去的一年里，我把每天练习汉字的习惯坚持下来了。//这三天玩下来太累了，我得好好休息休息。
HSK3	动词+得/不+动词/形容词	句子成分	补语	可能补语1	老师说的话你听得懂吗？//黑板上的字太小，我看不清楚。
HSK3	形容词+得很	句子成分	补语	程度补语1	这里的环境好得很。//这儿从早到晚都有风，凉快得很。
HSK3	形容词/动词+极了/坏了	句子成分	补语	程度补语1	看见考试成绩的时候，我高兴极了。//爬山回来，大家都累坏了。
HSK3	表示动作结束到某个时间点的间隔时间	句子成分	补语	数量补语3	开学已经两个星期了。//这件事已经过去五年了。
HSK3	“怎样+动词”的特指问句	句子的类型	句类	疑问句	怎样才能学好汉语呢？//中国人是怎样过新年的？
HSK3	用反问句表示强调：不是……吗？	句子的类型	句类	反问句1	你不是写完作业了吗？//考试不是下个星期一吗？
HSK3	主语+把+宾语+动词+在/到+处所	句子的类型	特殊句型	“把”字句1	你把箱子放在这儿吧。//我们把桌子搬到教室外边了。
HSK3	主语+把+宾语1+动词（+给）+宾语2	句子的类型	特殊句型	“把”字句1	我们把礼物送给老师了。//他把那本书借给我了。
HSK3	主语+把+宾语+动词+结果补语/趋向补语/状态补语	句子的类型	特殊句型	“把”字句1	我已经把晚饭准备好了。//咱们把这些桌子搬进去吧。//妈妈把衣服洗得干干净净。
HSK3	主语+被+宾语+动词+其他成分	句子的类型	特殊句型	被动句1	我的词典被朋友借走了。//冰箱里的水果被谁吃了？
HSK3	主语+被+动词+其他成分	句子的类型	特殊句型	被动句1	桌子上的作业被拿走了。//病人已经被送到医院了。
HSK3	“着”表示动作的伴随：动词1+着+动词2	句子的类型	特殊句型	连动句2	老师总是笑着回答大家的问题。//我喜欢听着音乐做运动。
HSK3	A比B+更/还+形容词	句子的类型	特殊句型	比较句2	她的汉语比我更好。//今天比昨天还冷。
HSK3	A跟B一样	句子的类型	特殊句型	比较句2	我的爱好跟他一样。//他买的新手机跟我的一样。
HSK3	A跟B一样+形容词	句子的类型	特殊句型	比较句2	坐地铁跟坐公交车一样方便。//这个房间跟那个房间一样大。
HSK3	A不比B+形容词	句子的类型	特殊句型	比较句2	这张画不比那张好看。//我的汉语水平不比他高。
HSK3	A比B+多/少/早/晚+动词+数量短语	句子的类型	特殊句型	比较句2	我比他早到十分钟。//哥哥比弟弟多吃了三个饺子。
HSK3	表示出现：处所词+动词+趋向补语/结果补语+动态助词（了）+数量短语+人/物	句子的类型	特殊句型	存现句3	前边开过来一辆出租车。//楼上搬来了一家人。//校门外走进来几个学生。
HSK3	表示消失：处所词+动词+结果补语+动态助词（了）+数量短语+人/物	句子的类型	特殊句型	存现句3	树上飞走了三只小鸟。//他家里跑丢了一只羊。
HSK3	强调说话人的看法或态度	句子的类型	特殊句型	“是……的”句2	这个问题其实是很简单的。//多写多练对学习汉字是很有帮助的。
HSK3	主语+动词+宾语+动词+补语	句子的类型	特殊句型	重动句	我们昨天打篮球打了一个下午。//你今天上课上得怎么样？
HSK3	先……，再/然后……	句子的类型	复句	承接复句	你先去买门票，再来这里找我。//我想先吃饭，然后回房间休息。
HSK3	或者……，或者……	句子的类型	复句	选择复句	每周末，我们或者踢足球，或者打篮球。//春节的时候，人们或者回家过节，或者出门旅游。
HSK3	一会儿……，一会儿……	句子的类型	复句	并列复句	他一会儿进来，一会儿出去，忙得很。//最近的天气一会儿冷，一会儿热。
HSK3	又……，又……	句子的类型	复句	并列复句	这件衣服又便宜又好看。//那个又高又漂亮的女孩儿是谁？
HSK3	一边……，一边……	句子的类型	复句	并列复句	他一边工作，一边学习中文。//我喜欢一边跑步，一边听音乐。
HSK3	不但……，而且……	句子的类型	复句	递进复句	不但我学习中文，而且我的弟弟也学习中文。//我哥哥不但会打篮球，而且打得很好。
HSK3	虽然……，可是……	句子的类型	复句	转折复句	房间虽然不大，可是很干净。//虽然天气很冷，可是他还是坚持每天锻炼。
HSK3	如果……，就……	句子的类型	复句	假设复句	如果明天不下雨，我们就去爬山。//如果你需要帮忙，就给我打电话。
HSK3	……的话，就……	句子的类型	复句	假设复句	你有时间的话，就一起去吧。//你觉得满意的话，咱们就买。
HSK3	只有……，才……	句子的类型	复句	条件复句	只有努力学习，才能得到好成绩。//只有多听、多说、多看，你的中文水平才能提高。
HSK3	只要……，就……	句子的类型	复句	条件复句	只要你坚持学习，就一定能学好。//只要你同意，我们就这么决定了。
HSK3	为了……，……	句子的类型	复句	目的复句	为了考上大学，她每天努力学习。//为了早点儿到家，我打算坐飞机。
HSK3	……了……（就）……	句子的类型	复句	紧缩复句	他吃了药就好多了。//我打算下了课就去图书馆。
HSK3	概数表达法2：用“大概”表示概数	特殊表达法	数的表达法		你大概多长时间能到？//这些水果大概五十块钱。
HSK3	概数表达法2：相邻数词连用表示概数	特殊表达法	数的表达法		教室里来了七八个学生。//从我家到学校，走路需要十五六分钟。
HSK4	敢	词类	动词	能愿动词	我刚学会开车，不敢开得很快。//你敢不敢跟我比一比，谁的力气大？
HSK4	各、各位、各种、任何、此	词类	代词	指示代词	对于这个问题，同学们各有各的看法。//节日期间，各地举行了丰富的庆祝活动。//各位同学，请大家安静一下。//欢迎各位报名参加这次运动会。//南方各种花都开了，可是北方还比较冷。//商场、超市总是通过各种方式吸引顾客。//你遇到任何困难都可以联系我。//在中国，几乎任何一家商店都可以使用手机支付。//此处不能扔垃圾，请扔到垃圾桶里。//对于此事，你的父母有什么意见？
HSK4	专用名量词：打、袋、棵、台、幅	词类	量词	名量词	昨晚老张买了一打啤酒。//我买了一打鸡蛋，准备做蛋糕。//我这儿有一袋方便面，你要不要吃？//妈妈从市场买回来好几袋水果。//我家院子里种着两棵苹果树。//小猫爬上了路边的一棵大树。//这台空调太旧了，没办法修。//搬家时，我把家里那台冰箱卖了。//您能介绍一下这幅画吗？//张老师，我想请您给我写一幅字。
HSK4	借用名量词：脸、手、盒、屋子、桌子	词类	量词	名量词	她拿着礼物，一脸兴奋地跑了进来。//小明见到了自己喜欢的作家，满脸高兴。//我不知道从哪儿弄了一手油。//他从小练习书法，写得一手好字。//我从国外买回来一盒巧克力。//老师让我们准备一盒画笔。//我非常喜欢读书，家里有一屋子的书。//我有一屋子的衣服，你随便选。//听到这个消息，一桌子的人都很开心。//我每次回家，父母都会准备一桌子饭菜。
HSK4	场、顿、趟	词类	量词	动量词	大卫参加了一场文化活动，体验了美食和音乐。//同学们都想在中国观看一场京剧演出。//周末咱们去饭馆好好吃一顿，怎么样？//中秋节我们一起吃了一顿饭。//我假期打算回一趟家，看看父母。//我刚才去了一趟办公室，没看见王老师。
HSK4	十分、更加、稍、稍微、尤其、多么	词类	副词	程度副词	她十分激动地对我们表示感谢。//那位导游对游客十分热情。//随着互联网的发展，网上购物变得更加方便了。//读完这本书，他对中国历史更加感兴趣了。//请您在这儿稍等一下，王经理马上就到。//对于这个词，两本词典的解释稍有不同。//如果裙子的颜色稍微浅一点儿，那就更好了。//你能不能把字写得稍微大一些？//人与人之间，尤其是父母和孩子之间，相互理解是很重要的。//刚开始，我对这里的生活很不适应，尤其不习惯吃中国菜。//你听，她唱得多么好听啊！//成为母亲以后，我才明白教育孩子有多么不容易。
HSK4	共、全、光、仅、仅仅、至少	词类	副词	范围副词	上一年大学，学费和生活费共需多少钱？//中国人习惯一家人共吃一桌菜。//昨天学习的生词和语法我已经全记住了。//全班同学都报名参加了这次的运动会。//光这一间教室，他就打扫了一整天。//你不能光练口语，不练汉字，这样你的中文水平很难提高。//这个公园平时不开，仅在周末开放。//他仅用一年多的时间就学完了高中所有的课程。//她仅仅去过一次，就深深地爱上了那里。//你想学好中文，仅仅有想法是不够的，必须努力学习。//你们两个人一起去，遇到问题至少能商量一下。//那里的景点很多，都参观完至少要三天的时间。
HSK4	按时、从来、赶紧、赶快、已、忽然、将、将要、从、本来	词类	副词	时间副词	时间很紧张，但我们必须按时完成任务。//医生让我回家按时吃药，多喝热水。//我从来没有离开过家乡，父母不放心我一个人出国留学。//我常常吃饺子，可是从来不知道饺子是怎么做的。//服务员见到我们，赶紧跑过来，热情地说“欢迎”。//这儿的风景太漂亮了，我得赶紧拍几张照片。//咱们赶快往前走，大家都在前面等着呢。//你现在赶快叫一辆出租车，马上出发。//到今年十月，公司的收入已超过去年。//他的父亲已有五十多岁，两个姐姐也都已结婚了。//看着儿子努力学习的样子，我忽然觉得他长大了。//忽然，我听到一个声音说“小伙子，等一等”。//比赛一结束，他就将自己获奖的消息告诉了父母。//如果孩子学到自己感兴趣的知识，他的能力将得到更好的发展。//根据计划，公司下周将要推出新产品。//学校最近将要安排我们到南方进行调查研究。//我从没有听说过这个消息。//父母总是鼓励我，从不批评我。//我本来计划学习一年中文就回国工作，现在我想继续学下去。//我本来以为父母会反对我留在中国，没想到他们竟然这么支持。
HSK4	重新、往往、偶尔、再次、老	词类	副词	频率副词	我们需要重新安排会议时间。//这个问题，您能不能重新考虑一下？//其实，一些看起来很小的事情往往会影响人的一生。//这两个词意思差不多，如果不知道它们的区别，往往容易用错。//他平时工作很忙，回家以后看看书、上上网，偶尔运动一下，就睡觉了。//我们偶尔会一起出去玩儿，有时候看电影，有时候踢足球。//老师再次提醒同学们考试以前一定要认真复习。//再次回到童年时生活的地方，我感到既熟悉又感动。//他老说要跟同学们多交流，可是从来不参加班级活动。//大家的工作都很忙，你老想让别人照顾你，是不可能的。
HSK4	故意、互相、相互	词类	副词	方式副词	真对不起，我不是故意的，你千万别生气。//他故意提高声音，好让大家都能听见。//我想练习中文，咱们互相学习，互相帮助，怎么样？//大家都是同学，应该互相关心，互相照顾。//国家之间应该相互尊重，相互交流，共同发展。//随着信息技术的发展，不同语言的相互影响越来越普遍。
HSK4	却	词类	副词	关联副词	有些打折的商品尽管便宜，质量却不能让人满意。//她长得很像她的姐姐，但两个人的性格却完全不同。
HSK4	也许、恐怕	词类	副词	情态副词	你可以加一点儿糖，味道也许不错。//现在不愿意花时间练习写汉字，你将来也许会后悔的。//我感觉头疼，还有点儿咳嗽，恐怕是感冒了。//年底是公司最忙的时候，你想休假恐怕不行。
HSK4	才4、就5、并1、还4、竟然、究竟、正好、到底、难道、千万、确实、只好、差（一）点儿	词类	副词	语气副词	昨天那场比赛才精彩呢！//他总是迟到，我才不相信他今天能准时来。//我就知道他肯定会答应的。//我就不信我考不上大学。//她并不相信我说的话。//我以为考试很简单，其实并没有那么简单。//没想到他的中文说得还真不错。//老张还真厉害，这么快就把问题解决了。//他竟然在那么短的时间内完成了这么复杂的工作，太厉害了。//昨天天气还很暖和，没想到今天竟然下雪了。//他究竟是不是真的喜欢我，我还是有些怀疑。//我很想知道汉字究竟是怎么产生的。//我明天下午正好有时间，可以帮你一起搬家。//上个月我借了一本书，今天正好一个月了，你帮我还回去吧。//明天就是最后一天了，你到底想不想报名？//昨天的比赛你看了吗？他们队到底赢了没有？//难道你不知道坐飞机需要带护照吗？//你难道不认为网上购物更方便吗？//你把地址写在这儿，千万别写错了。//路上人多车也多，骑车时千万要小心。//昨天晚上的京剧演出确实精彩。//跟过去相比，这里确实发生了巨大的变化。//电梯坏了，我们只好走楼梯上去。//因为没买到火车票，我假期只好留在学校。//出门的时候太着急，我差（一）点儿忘带手机。//我早上七点半才起床，差（一）点儿没迟到。
HSK4	自、当、由1、随着、等1	词类	介词	引出时间、处所	自1978年以来，中国发生了很大的变化。//我们自北京出发，开车往南走，来到了上海。//当遇到困难时，先冷静地想一想。//当听到放假的消息时，同学们都非常高兴。//各位乘客，由北京飞往上海的航班就要起飞了。//学校决定由下个月开始每周增加一节中文课。//随着生活水平的提高，人们对食品健康的要求越来越高。//随着春天的到来，天气一天比一天暖和了。//等我写完作业，咱们一起去踢足球。//等我们赶到车站，火车已经开走了。
HSK4	将、由2、叫、让	词类	介词	引出施事、受事	离开教室时，请将垃圾带走，并将门窗关好。//根据规定，禁止将食物带入图书馆。//这些商品的质量问题应该由工厂负责。//我只是提供一些建议，到底怎么做由你决定。//我刚才放在桌上的那些文件叫谁拿走了？//我本来想去图书馆借书，可是学生证让我弄丢了。
HSK4	由于1	词类	介词	引出原因	由于上次失败的经历，她对自己失去了信心。//由于工作的原因，我一年内搬了好几次家。
HSK4	对于、与1	词类	介词	引出对象	对于任何一种语言，文字的出现都是十分重要的。//对于学习成绩优秀的同学，学校每年都会提供奖学金。//你放心，我们会与你共同解决这个问题。//这件事我没与任何人交流过。
HSK4	作为、按、按照	词类	介词	引出凭借、依据	作为生活在中国的外国人，我很想了解中国人的生活习惯。//作为首都，北京的发展比一般的城市更快，工作机会更多。//你应该按医生说的方法坚持锻炼。//这里租房子比较方便，房租可以按月付，也可以按天付。//按照北方人的习惯，过年一般要吃饺子。//我们已经按照计划完成了全部工作。
HSK4	并2、而1、与2	词类	连词	连接词或词组	学校同意并支持学生们的想法。//公司讨论并通过了这项计划。//这里的人民热情而友好。//她工作起来积极而努力。//学校与家庭对孩子的影响同样重要。//课程目标是帮助学生提高阅读能力与听说能力。
HSK4	此外、而2、既然、甚至、不过、并且	词类	连词	连接分句或句子	我每天要上两节中文课，此外一周还要参加一次文化活动。//我来中国是想提高自己的汉语水平，此外还想学习中国文化。//冬天的时候，北方下雪比较多，而南方下雪比较少。//他们兄弟的性格完全不同，哥哥喜欢热闹，而弟弟喜欢安静。//你说得对，既然来了中国，就要学习一些中国的文化。//既然你决定应聘那份工作，就应该认真准备面试。//活动还没开始，教室里就坐满了人，甚至还有人站在后面。//他最近工作很忙，有时候甚至连吃饭的时间都没有。//我姐姐还没有结婚，不过已经有男朋友了。//那家公司的地址我也不知道，不过我可以上网帮你查查。//从那天开始，我就跟着老师学习中国功夫，并且一直坚持到现在。//她打算在中国学习中文，并且还想申请读研究生。
HSK4	不光、不仅、另外、要是、因此、由于2、加上	词类	连词	连接分句或句子	我不光要学习中文，还要学习中国的历史和文化。//学校周围不光环境好，交通也很方便。//我弟弟不仅学习成绩好，而且性格也很好。//骑自行车旅行不仅便宜，还能锻炼身体。//我大学学的是广告专业，另外还有三年工作经验。//这些商品质量不错，另外价格也比较便宜。//要是你也觉得满意，咱们就买吧。//要是天气不好，明天的活动就取消。//买汽车的人越来越多，因此堵车成为了城市交通的大问题。//她在中国生活过，因此对中国文化有一些了解。//由于去晚了，前面没有座位了，我只好坐在最后一排。//由于天气原因，我们的航班被取消了。//我爸爸平时工作很忙，加上经常出差，有时候一周也见不到他。//景区实在太大了，加上天气这么热，走了半天，我们又累又渴。
HSK4	等2、者、之、就是	词类	助词	其他助词	我会说英语、汉语、法语等很多种语言。//你最好提前上网了解一下那里的天气、交通、景点等方面的信息。//根据学校的规定，迟到十分钟以上者不允许参加考试。//申请参加会议者，请将您的个人信息发送到此邮箱。//其实，来中国留学一开始并不在我的计划之内。//我希望在提高中文水平的基础之上，能够学习一些专业知识。//我们明天一定完成任务，您放心就是了。//我开车去学校接你，你在门口等我就是了。
HSK4	啊、嗯	词类	叹词		啊，原来是这么一回事！//啊，这么多人排队！//A：八点出发来得及吗？//B：嗯，应该来得及。
HSK4	数词+形容词+量词	短语	结构类型		奶奶把一小盒巧克力装进了孙子的书包里。//回国前，我给父母买了两大包中国茶作为礼物。
HSK4	一A一B	短语	固定短语	四字格	她说话的声音不大，但是一字一句说得很清楚。//这会儿路上堵车，一来一回至少需要两个小时。
HSK4	无A无B	短语	固定短语	四字格	我无儿无女，一人吃饱全家不饿。//母亲无日无夜地照顾着生病的孩子。
HSK4	有A有B	短语	固定短语	四字格	下课了，同学们有说有笑地走出了教室。//这部作品的每个人物都写得有血有肉。
HSK4	来得及/来不及	短语	固定短语	其他	我这两天很忙，没来得及考虑这个问题。//我想参加明天的比赛，现在报名来得及吗？//我发现这个问题时已经太晚了，来不及做出任何改变。//飞机就要起飞了，你得快一点儿，否则就来不及了。
HSK4	有的是	短语	固定短语	其他	一次失败并不可怕，以后有的是机会。//这种水果我的家乡有的是。
HSK4	说不定	短语	固定短语	其他	客人来不来还说不定。//说不定路上堵车，再等一会儿吧。
HSK4	不怎么	短语	固定短语	其他	她从来都不怎么关心别人的看法。//从检查结果来看，他受的伤不怎么严重。
HSK4	就是说/这就是说	短语	固定短语	其他	他们没有直接拒绝你，而是让你回来等消息，就是说，你还有机会，千万不要放弃。//他总是为自己的错误找各种原因，这就是说，他是一个不愿意负责任的人。
HSK4	一+量词+比+一+量词	固定格式			他的表演一次比一次精彩。//最近天气一天比一天暖和。
HSK4	在……方面	固定格式			在教育孩子方面，张老师有丰富的经验。//在生活方面，他还不太习惯。
HSK4	够……的	固定格式			这个房间真够大的，估计能住七八个人。//你男朋友真够浪漫的，每天都给你送一枝花。
HSK4	拿……来说	固定格式			中国各地的生活习惯各不相同，拿吃饭来说，南方人一般喜欢吃米饭，而北方人爱吃面条、馒头等面食。//科技改变了人类的生活，拿交通来说，高铁的出现使人们的日常出行更快、更方便了。
HSK4	再也不/没……	固定格式			我保证今后再也不迟到了。//大学毕业以后，我再也没见过他。
HSK4	怎么都/也+不/没……	固定格式			他们跑了好几家医院，怎么也没查出孩子生病的原因。//尽管每天细心照顾，可阳台上的花怎么都不开。
HSK4	为了……而……	固定格式			为了梦想而努力的人值得我们学习。//我们减少使用塑料袋，是为了保护环境而改变习惯。
HSK4	动词+一X是一X	固定格式			虽然日子过得很难，但也不能过一天是一天。//要学的内容实在太多了，学一点儿是一点儿吧。
HSK4	（没）有什么（好）X的	固定格式			想好了就直接做，有什么好害怕的。//只是一次考试没考好，没有什么好难过的。
HSK4	X是X，Y是Y	固定格式			他是他，我是我，我们的意见不一样。//工作是工作，家庭是家庭，不要用工作的方式解决家里的问题。
HSK4	X也得X，不X也得X	固定格式			这场会议很重要，你去也得去，不去也得去。//结果改变不了了，你接受也得接受，不接受也得接受。
HSK4	X就是了	固定格式			别浪费时间了，有什么想法说就是了。//你不要生气，下次別答应他就是了。
HSK4	还X呢	固定格式			还国际公司呢，服务质量这么差。//还中文专业的呢，中文说得还不如我。
HSK4	你X你的吧	固定格式			我不饿，你吃你的吧，不用等我。//没有什么重要的事，你忙你的吧。
HSK4	让/叫你X你就X	固定格式			老师让你多练你就多练，肯定没坏处。//叫你拿着你就拿着，不用跟我客气。
HSK4	说什么/怎么（着）也得X	固定格式			他受伤了，我说什么也得去看看他。//快要迟到了，说什么也得走了。//这么有用的技术，我怎么（着）也得学。
HSK4	X就X（点儿）吧	固定格式			买就买（点儿）吧，也不太贵。//慢就慢（点儿）吧，能做完就行。
HSK4	X是X	固定格式			我们讨论是讨论了，可是大家各有各的想法。//留学生活累是累，不过我们学到了很多知识。
HSK4	形容词/心理动词+死了/厉害	句子成分		程度补语2	面试的时候，我心里紧张死了。//不知道从哪儿来的声音，吵死了。//吃完冰激凌，我突然牙疼得厉害。//我们这儿有个同学病得很厉害，请你们赶快来看看。
HSK4	动词+得/不+了	句子成分		可能补语2	你点了这么多菜，咱们两个人吃得了吗？//我帮你一起做，下班之前肯定完成得了。//行李太重了，我一个人拿不了。//明天的比赛他参加不了。
HSK4	难道……吗？	句子的类型	句类	反问句2	作为学生，难道学习不是最重要的事情吗？//工作出了问题，你难道不应该负责吗？
HSK4	由疑问代词构成的反问句	句子的类型	句类	反问句2	这么有名的作家，谁不认识他？//他去哪儿从来不说，我怎么会知道呢？//事情这么多，我哪儿有时间出去旅游啊？
HSK4	主语+把+宾语+动词（+一/了）+动词	句子的类型	特殊句型	“把”字句2	你再把那件衣服洗一洗。//你把窗户擦一擦，我把地板扫一扫//他把钱算了算，又取了一点儿出来。
HSK4	主语+把+宾语+动词+了	句子的类型	特殊句型	“把”字句2	我把银行卡密码忘了。//他把新买的手机丢了。
HSK4	主语+把+宾语+动词+动量补语/时量补语	句子的类型	特殊句型	“把”字句2	因为不收拾房间，妈妈把他批评了一顿。//同学们把课文读了两遍。//他把这个问题认真地考虑了好几天。
HSK4	主语+把+宾语+状语+动词	句子的类型	特殊句型	“把”字句2	你别把垃圾往地上扔。//请大家把说明书认真读一读。
HSK4	主语+叫/让+宾语+动词+其他成分	句子的类型	特殊句型	被动句2	我的自行车让朋友借去了。//相机叫谁拿走了？
HSK4	表爱憎义：主语+表扬/批评+宾语1+动词+宾语2	句子的类型	特殊句型	兼语句2	老师表扬我取得了好成绩。//警察表扬那个小伙子帮助了别人。//妈妈总是批评我不收拾房间。//经理批评我没带会议资料。
HSK4	表称谓或认定义：主语+收/选+宾语1+做/当/为+宾语2	句子的类型	特殊句型	兼语句2	同学们选我做小组长。//大家想选他当队长。//张教授同意收我为学生。
HSK4	表致使：主语+使/让+人称代词+动词短语	句子的类型	特殊句型	兼语句2	这件事使我改变了对她的印象。//那些美好的回忆让我永远难忘。
HSK4	A不如B（+形容词）	句子的类型	特殊句型	比较句3	现在堵车，打车不如坐地铁快。//我觉得玩游戏不如看小说有意思。
HSK4	跟……相比	句子的类型	特殊句型	比较句3	跟线下购物相比，上网买东西更符合年轻人的习惯。//跟其他公司相比，我们的产品不但便宜，而且服务也好。
HSK4	用双重否定表示强调	句子的类型	特殊句型	双重否定句	没有学生不喜欢放假。//这么重要的内容老师不可能没讲过。
HSK4	不是……，而是……	句子的类型	复句	并列复句	他不是不想帮忙，而是确实没时间。//我不是不爱喝咖啡，而是担心晚上睡不着。
HSK4	既……，又/也……	句子的类型	复句	并列复句	这个牌子的奶茶既好喝，又健康。//我每天骑自行车上学，这样既能锻炼身体，也对环境保护有帮助。
HSK4	一方面……，另一方面……	句子的类型	复句	并列复句	参加文化活动一方面可以增长知识，另一方面可以认识新的朋友。//想要解决大城市堵车的问题，一方面要提高公共交通服务质量，另一方面要让人们养成绿色出行的习惯。
HSK4	首先……，其次……	句子的类型	复句	承接复句	选择职业的时候，应该首先了解自己的性格、能力，其次再考虑工资、收入等方面的问题。//我学汉语首先是因为对中国文化感兴趣，其次是为了获得更多的工作机会。
HSK4	首先……，然后……	句子的类型	复句	承接复句	首先要找到一个合适的目标，然后坚持学习，这样才能学好中文。//校长首先对同学们表示欢迎，然后介绍了学校的一些基本情况。
HSK4	……，于是……	句子的类型	复句	承接复句	人们喜欢一边喝咖啡，一边聊天儿，于是城市里的咖啡馆越来越多。//大家不断地鼓励我，于是我决定报名参加这个比赛。
HSK4	……,甚至……	句子的类型	复句	递进复句	为了锻炼身体，我一有空就去健身房，甚至专门请了一个健身教练。//收到大学的入学通知，我高兴极了，甚至觉得自己是世界上最幸福的人。
HSK4	不仅/不光……，还/而且……	句子的类型	复句	递进复句	我们学习生词，不仅要理解词语的意思，而且应该知道怎么使用。//这里不光有美丽的风景，还有各种少见的动物、植物。
HSK4	……，并且……	句子的类型	复句	递进复句	经过四年的努力，他终于顺利毕业，并且有了一家自己的公司。//随着经济的发展，人们的生活水平提高了，并且对健康和生活质量的要求也越来越高。
HSK4	连……也/都……，……更……	句子的类型	复句	递进复句	我有时候连老师说的话也听不懂，听广播就更难了。//受伤以后，他连走路都困难，踢足球更不可能了。
HSK4	不是……，就是……	句子的类型	复句	选择复句	毕业以后，同学们不是留在中国继续学习，就是回国工作。//周末他不是在游泳馆游泳，就是在篮球场打篮球。
HSK4	尽管……，但是/可是……	句子的类型	复句	转折复句	尽管收入不高，但是我对这份工作很满意。//尽管已经很晚了，可是她仍然在学习。
HSK4	……，然而……	句子的类型	复句	转折复句	我知道那部电影很有意思，然而太忙了，一直没时间看。//她以为能轻松通过考试，然而成绩却不太好。
HSK4	……，不过……	句子的类型	复句	转折复句	我很想参加你的生日晚会，不过我明天有考试，得好好复习。//他只学了三个月中文，不过已经说得不错了。
HSK4	……X是X，就是/不过……	句子的类型	复句	转折复句	这些衣服便宜是便宜，就是感觉质量不太好。//小张这个人聪明是聪明，不过有时候比较懒。
HSK4	……，否则……	句子的类型	复句	假设复句	你下了飞机记得给妈妈打个电话，否则她会一直担心你。//课后一定要经常复习，否则很快就会忘记。
HSK4	要是……，就……	句子的类型	复句	假设复句	你要是想取得成功，就必须坚持到底。//要是人人都能节约用水，地球的环境就能得到更好的保护。
HSK4	要是……，（就）……，否则……	句子的类型	复句	假设复句	要是你打算假期去旅游，就提前上网订票，否则到时候就买不到了。//要是你不常穿，最好就不要买，否则买了也是浪费。
HSK4	不管……，都/也……	句子的类型	复句	条件复句	不管在什么地方，说话、办事都要有礼貌。//不管别人怎么说，我也不会改变主意。
HSK4	无论……，都/也……	句子的类型	复句	条件复句	无论在多么紧张的情况下，他都表现得非常冷静。//无论遇到多大的困难，我们也不应该随便放弃。
HSK4	既然……，就……	句子的类型	复句	因果复句	既然你这么喜欢小孩儿，毕业以后就当老师吧。//既然来了，就进屋喝杯茶吧。
HSK4	（由于）……，因此……	句子的类型	复句	因果复句	由于您没带护照，因此不能办理银行卡。//我对京剧很感兴趣，因此报名参加了这次活动。
HSK4	……，好……	句子的类型	复句	目的复句	我每天都给父母打电话，好让他们放心。//我们应该多鼓励他，好让他有信心。
HSK4	即使……，也……	句子的类型	复句	让步复句	你即使干到明天早上，恐怕也干不完。//即使工作再忙，也要常回家看看父母。
HSK4	就是……，也……	句子的类型	复句	让步复句	我今天晚上就是不睡觉，也必须解决这个问题。//你就是不同意，我也不会改变自己的决定。
HSK4	无标记	句子的类型	复句	紧缩复句	你着急你先走吧。//站得高看得远。//他同意我不同意。
HSK4	不……也……	句子的类型	复句	紧缩复句	今晚我不睡觉也要把作业写完。//你不喜欢做也得做。
HSK4	概数表示法3：数词+来+量词	特殊表达法	数的表示法		我们的宿舍楼有三百来间房。//书架上放着一百来本书。//这条大鱼估计有十来斤重。
HSK4	用“大约、左右、前后”表示概数	特殊表达法	数的表示法		客人大约下午两点到公司参观。//我的中文老师四十岁左右。//春节前后，很多商场有打折活动。
HSK4	小数、分数、百分数、倍数的表示法	特殊表达法	数的表示法		零点五、三分之一、百分之二十、两倍//老师听写了二十个汉字，每个汉字零点五分，一共十分。//我们班有三分之一的同学没去过长城。//跟去年相比，今年游客的数量减少了百分之二十。//我的收入比去年提高了两倍。
HSK5	—头	语素	后缀		那块石头上刻着一些汉字。//那本书里头是不是有一封信？
HSK5	彼此、如此、本	词类	代词	指示代词	在日常交流中，我们应该尊重彼此。//他们已经认识很久了，对彼此的习惯非常了解。//这里的夏天异常炎热，年年如此。//很多人都没有想到乡村的变化如此巨大。//本规定自明日起正式实施。//本次列车开往北京西站。
HSK5	册、朵、届、颗、匹、行、架、群、支、根、批、束、副、集、周	词类	量词	名量词	这册历史书讲述了古代中国的发展过程。//第一次见面时他送给了我一朵玫瑰花。//这届会议讨论了许多重要的话题。//城市夜晚的天空中几乎看不到几颗星星。//那匹马跑得特别快，赢得了这次比赛。//她在表格的最后一行写上了自己的名字。//那架飞机在空中飞行了很久，最终安全降落。//一群可爱的孩子正在舞台上表演节目。//这支队伍非常优秀，连续几年都获得了冠军。//他一不小心把一根筷子掉在了地上。//王经理正在培训这批新员工。//为了表示对朋友的欢迎，他特意买了一束花。//选来选去还是这副手套戴着最舒服。//别看书了，打开电视，看两集电视剧吧。//地球绕太阳一周需要一年。
HSK5	眼	词类	量词	动量词	新娘看了一眼新郎，害羞得低下了头。
HSK5	过于、相当、较1、可2、格外、极其	词类	副词	程度副词	他在面试时过于紧张，连话都说不清楚了。//过于追求完美反而会让人总是对现状不满意。//这次考试的题目相当难，很多同学都没有及格。//他的中文水平相当不错，可以和中国人流利对话。//如何才能在短期内较快地提高中文水平？//年轻人学习新事物的能力较强，能够很快适应新的环境。//那家公司今年推出的新产品可受欢迎了。//这部电影拍得可精彩了，你千万不能错过！//这家餐厅的服务态度格外热情，常常需要提前预约。//国庆假期的景区格外热闹，到处都是外地来的游客。//那天的天气极其恶劣，我们不得不取消旅行计划。//这次旅行给我留下了极其深刻的印象，尤其是当地的美食和历史。
HSK5	时刻、曾经、立刻、连忙、始终、早已、即将、急忙、渐渐、尽快、早晚	词类	副词	时间副词	父母要时刻关心孩子的心理健康。//他提醒我旅行时一定要时刻注意自己的护照和钱包。//她曾经当过导游，在设计旅行线路方面很有经验。//王校长去年曾经来我们学校访问过。//为了迎接客人的到来，他一下班就立刻回家准备晚餐。//张教授刚说完，学生们就立刻认真地写起来。//妈妈连忙检查摔倒的孩子有没有受伤。//他连忙向交警解释自己并非故意违反交通规则。//最近一年，这套教材的销量始终保持增长。//无论如何，亲朋好友始终是你的依靠。//这里的乡村早已实现了现代化，不再是当年的样子。//科学家早已研发出治疗这种疾病的药物。//明天公司即将召开新品发布会，欢迎大家参加！//他们的婚礼即将在下个月举行。//听到消息后，她急忙收拾行李赶往机场。//车祸发生后，他急忙打电话叫救护车。//计算机技术渐渐成为各行各业的关键技术。//春天一到，气温就开始渐渐上升了。//如果您有任何问题，请尽快联系我。//医生建议他尽快接受手术治疗。//他们再这样一直吵下去，早晚会离婚的。//父母应该明白，孩子早晚是要独立生活的。
HSK5	老是、通常、时常	词类	副词	频率副词	他最近老是熬夜，所以脸色很不好。//你出门老是忘记带钥匙，这个坏习惯一定要改！//旅行社通常在寒暑假生意更好。//中国的大学通常会为学生提供更换专业的机会。//他时常下班后去公园散步，顺便放松一下心情。//夫妻二人的工作都很忙，所以时常没有人做家务。
HSK5	尽量、亲自	词类	副词	方式副词	冬天尽量少吃雪糕，容易着凉。//请大家尽量在本周五提交论文。//公司老板亲自参与了新产品的设计与开发。//这些点心是我亲自为你做的。
HSK5	便、一旦	词类	副词	关联副词	会议一结束，我便赶回公司了。//这个学生很聪明，一教便懂。//一旦确定了目标，就不要放弃。//这次机会非常难得，一旦错过了，你会后悔的。
HSK5	似乎、仿佛	词类	副词	情态副词	他似乎在犹豫要不要接受这份新工作。//这家便利店似乎两周前就关门了。//我们仿佛在哪儿见过似的。//他俩见面不打招呼，仿佛谁也不认识谁。
HSK5	毕竟、居然、反正、根本、果然、简直、绝对、的确、反而、白、刚好、可3	词类	副词	语气副词	毕竟他刚来公司一个月，还需要时间适应。//他毕竟是个孩子，有些错误可以被原谅。//昨天我才发现新来的同事居然是我的邻居。//这么冷的天他居然没穿外套。//你要去就去吧，反正我肯定不会去。//反正我已经辞职了，今晚加班我是不会去的。//你不用再劝他了，他根本不会听。//我看根本没必要追求完美，世界上不存在完美的人和事。//她果然选择了自己最喜欢的文学专业。//他果然没有放弃，坚持完成了比赛。//这简直是在开玩笑！//画面里的竹子简直像真的一样。//高科技绝对会成为各行各业发展的重要因素。//老张这个人绝对可靠。//近年来城乡差距的确缩小了不少。//我今天上班的确迟到了，因为路上发生了交通事故。//道歉不会损害企业的形象，反而能够赢得消费者的信任。//我妈妈退休以后反而更忙了。//不用白费力气了，结果已经无法改变了。//妈妈的话白说了，孩子并没有听。//今天刚好有空儿，咱们去爬山吧。//我们去找他玩的时候，他刚好做完作业。//这么难得的机会，你可不能错过啊！//下周就要比赛了，咱们可得抓紧时间训练。
HSK5	自从	词类	介词	引出时间、处所	自从和丈夫离了婚，她一个人去了很多地方旅行。//自从进入大学，每次与就业有关的讲座他都会参加。
HSK5	朝、沿（着）	词类	介词	引出方向、路径	沿着这条路朝东走就是我们今晚要住的酒店。//冬天许多鸟都会朝南方温暖的地方飞去。//沿着这条高速公路一直开，就能到达那座城市。//老人沿着墙边种了很多花。//你沿着这个思路进行下去，就能找到解决问题的方法。
HSK5	替、同1、较2	词类	介词	引出对象	希望这次采访能替我们宣传一下公司的新产品。//我出差期间，同事替我照顾我的宠物。//汉语同其他语言一样，有很多独特的表达方式。//这件事我得同父母谈谈，看看他们同意不同意。//今年的放假时间较去年稍有变化。//本月产品销量较上月增长百分之十五。
HSK5	凭	词类	介词	引出凭借、依据	她凭这部电影成为了今年的最佳导演。//凭这张票，你可以免费参观这场展览。
HSK5	据	词类	介词	引出凭借、依据	据我们掌握的数据，这个地区的石油资源十分丰富。//据我观察，这个问题不难解决。
HSK5	依据	词类	介词	引出凭借、依据	法律的修改应当依据社会现实。//企业要依据消费者的需求研发新产品。
HSK5	以及、同2	词类	连词	连接词或词组	他负责项目的设计、执行以及最终的总结工作。//我对这本书的内容以及作者还不太了解，你能介绍一下吗？//你同新来的同事一起去吧，顺便给他介绍一下公司的情况。//这项比赛要求孩子同家长一起参加。
HSK5	从而、可见、假如、总之	词类	连词	连接分句或句子	学校更新了教学设备，从而为学生提供了更好的学习环境。//这次合作让我们加深了对彼此的了解，从而建立了深厚的友谊。//他每天都工作到很晚，可见他十分热爱这份工作。//他的演讲得到了热烈的掌声，可见大家都很支持他的观点。//假如让我重新选择，我还是会选择医学专业。//假如你有机会出国旅行，你最想去哪个国家？//一个人在国外生活，要自己照顾自己，还要学习当地的语言和文化，总之，挺不容易的。//你同意也好，不同意也好，总之，我一定要去北京。
HSK5	似的	词类	助词	其他助词	她笑得像个孩子似的。//他们讨论得很激烈，像是要吵起来似的。
HSK5	A来A去	短语	固定短语	四字格	我们争来争去，还是没找到最佳方案。//他工作很忙，经常在国内外飞来飞去。//我想来想去，决定先不告诉她这个坏消息。
HSK5	A着A着	短语	固定短语	四字格	我今天太困了，写着写着作业就睡着了。//他走着走着，突然发现自己迷路了。
HSK5	没A没B	短语	固定短语	四字格	你这样没日没夜地工作，身体早晚会出问题的。//这孩子说话没大没小，父母必须要好好教育。
HSK5	说A就A	短语	固定短语	四字格	越来越多的年轻人选择说走就走的旅行。//他总是说干就干，从不浪费时间。
HSK5	不得了	短语	固定短语	其他	他最近的表现好得不得了，老师都说他进步很大。//不得了了，厨房着火了！
HSK5	用不着	短语	固定短语	其他	这点儿小病，用不着去医院。//这件事用不着大家都来帮忙，我自己就能完成。//我们还有时间，你现在用不着着急。
HSK5	从……来看	固定格式			从这次的考试成绩来看，大家都付出了很多努力。//从长远来看，掌握一门外语对个人发展很有帮助。
HSK5	A的A，B的B	固定格式			这些汉字写得大的大、小的小，一点儿也不整齐。//广场上孩子们跑的跑，跳的跳，热闹极了。
HSK5	（自）……以来	固定格式			自改革开放以来，中国社会发生了巨大的改变。//外公去世以来，我时常梦到他。
HSK5	由……组成	固定格式			本课程由理论学习和实践操作两部分内容组成。//项目团队由三位工程师组成。
HSK5	X也不是，Y也不是	固定格式			马上就要面试了，他紧张得坐也不是，站也不是。//公司已经三个月没有发工资了，他走也不是，留也不是，不知道怎么办好。
HSK5	X也X不得，Y也Y不得	固定格式			对这个孩子他实在没办法，打也打不得，说也说不得。//听到消息后，她哭也哭不得，笑也笑不得。
HSK5	X是它，Y也是它	固定格式			好是它，坏也是它，你没有别的选择。//成功是它，失败也是它，这个决定我绝对不后悔。
HSK5	X着也是X着	固定格式			闲着也是闲着，明天我准备把车库打扫一遍。//那辆旧车你很少开，放着也是放着，要不卖了吧。
HSK5	不管怎样说	固定格式			不管怎么说，健康才是最重要的，要注意身体。//不管怎么说，用打骂的方法教育孩子是不对的。
HSK5	真有你/他/她的	固定格式			真有你的，这么难的题目都做对了！//真有他的，一个人爬上了这么高的山！//真有她的，在这么吵的地方都能睡着！
HSK5	X什么X	固定格式			吵什么吵，公共场所禁止大声说话！//玩什么玩，作业还没写完呢！
HSK5	什么X不X（的）	固定格式			什么谢不谢的，我们之间不用这么客气。//什么麻烦不麻烦的，朋友之间互相帮忙是应该的。
HSK5	不X白不X	固定格式			音乐会的门票是客户赠送的，咱们不听白不听。//这件衣服难得打折，不买白不买。
HSK5	X来X去，都是/就是……	固定格式			听来听去，都是一些差不多的意见。//大家商量来商量去，就是想不出什么好办法。
HSK5	动词+什么（就）是什么	固定格式			孩子长大了，不像以前，父母说什么就是什么。//工作要按照公司的规定执行，不能你想什么就是什么。
HSK5	多项状语	句子成分	状语		他为了锻炼身体每天早上在公园里跑步。//他昨天晚上一个人在图书馆认真地复习了三个小时。
HSK5	动词+得/不得	句子成分	补语	可能补语2	伤害人的玩笑可开不得。//这院是出得还是出不得，得先问问医生的建议。//写论文这件事情急不得，你得多看多想。
HSK5	形容词/心理动词+得+不得了	句子成分	补语	程度补语2	收到大学的录取通知书，她激动得不得了。//听到父亲被送去急诊的消息，她担心得不得了。
HSK5	趋向补语的引申用法：表示状态意义：动词/形容词+下来/下去/起来/过来/过去	句子成分	补语	趋向补语3	听着窗外的雨声，我的心慢慢地平静下来了。//不知道是什么原因，他的声音渐渐低了下去。//该睡觉了，快把你的玩具收拾起来。//在医生们的努力下，病人终于醒过来了。//经过一天的长途旅行，大家都很累，一上车就纷纷睡过去了。
HSK5	动词/形容词+得+动词短语	句子成分	补语	状态补语2	孩子们玩儿得忘了时间，直到天黑才回家。//面对自己喜欢的明星，他紧张得说不出话。
HSK5	动词/形容词+得+主谓短语	句子成分	补语	状态补语2	他跑得全身是汗，终于按时到了公司。//天气热得大家都不想出门。
HSK5	动词/形容词+得+固定短语	句子成分	补语	状态补语2	快上课了，他跑得上气不接下气。//为了准备年夜饭，她累得满头大汗。
HSK5	表示存在、具有：主语+有+着+宾语	句子的类型	特殊句型	“有”字句3	尽管是兄弟，但是他们心里有着很深的矛盾。//两国之间有着长期友好的关系。
HSK5	表示附着：主语+动词+有+宾语	句子的类型	特殊句型	“有”字句3	门关着，墙上挂有“暂停营业”的牌子。//这本书的第一页写有作者的名字。
HSK5	主语+把+宾语+一+动词	句子的类型	特殊句型	“把”字句3	孩子把书包一扔，坐在地上哭了起来。//经理把任务一说，员工们就开始干活了。
HSK5	主语+把+宾语1+动词+宾语2	句子的类型	特殊句型	“把”字句3	他把存款都买车了。//我把父母给的生活费借朋友了。
HSK5	前后两个动词性词语具有因果、转折、条件关系	句子的类型	特殊句型	连动句3	她丈夫生病住院了。（因果）//王经理开会忘了带会议资料。（转折）//面对快速变化的形势，我们应该尽快制定方案应对风险。（条件）
HSK5	A+形容词+B+数量补语	句子的类型	特殊句型	比较句4	他高我一头。//姐姐重我两公斤。//哥哥早我两年上学。
HSK5	主语+被/叫/让+宾语+给+动词+其他成分	句子的类型	特殊句型	被动句3	我新买的衣服被他给洗坏了。//她的帽子叫风给吹跑了。//对不起，这些资料让我给搞乱了。
HSK5	……，便……	句子的类型	复句	承接复句	领导还没讲完，他便提前离开了。//他看我心情不好，便陪我聊了半天。//我写完作业便和朋友一起出去玩儿了。
HSK5	或是……，或是……	句子的类型	复句	选择复句	晚餐我或是吃面条儿，或是喝粥。//假期他或是去海边度假，或是去爬山。
HSK5	一旦……，就……	句子的类型	复句	假设复句	一旦养成坏习惯，就很难改变。//孩子一旦发烧，就赶快送去医院。
HSK5	假如……，（就）……	句子的类型	复句	假设复句	假如他们也同意，我们就按照计划开展工作。//假如有一天你当了校长，你会制定什么规则？
HSK5	万一……，（就）……	句子的类型	复句	假设复句	万一他不配合，我们就要想其他办法。//万一失败了，你考虑过后果吗？
HSK5	……，要不然/不然……	句子的类型	复句	假设复句	公司需要敢想敢干的年轻人，要不然就很难有发展。//还好我反应快，不然孩子就摔倒了。
HSK5	……，因而……	句子的类型	复句	因果复句	她上课坚持认真听讲，因而成绩始终非常优秀。//我和他认识很多年了，因而很了解他的性格。
HSK5	……，可见……	句子的类型	复句	因果复句	这个项目完成得如此顺利，可见团队的合作非常有效。//他每天都在图书馆学习，可见他对考试非常重视。
HSK5	哪怕……，也……	句子的类型	复句	让步复句	哪怕时间再紧张，也要按时完成任务。//哪怕租金继续提高，也仍然有很多人愿意住在这里。
HSK5	不但不/不但没有……，反而……	句子的类型	复句	递进复句	他不但不改正错误，反而继续犯更大的错误。//你这样做不但没有解决问题，反而增加了新问题。//火不但没有灭，反而越来越大了。
HSK5	不是……，还/还是……	句子的类型	复句	递进复句	不是光有目标就可以，还要行动起来。//这个问题不是我一个人就能解决的，还是需要大家积极配合。
HSK5	……，为的是……	句子的类型	复句	目的复句	他每天早起锻炼，为的是保持健康。//她每天都练习中文，为的是将来能够来中国留学。
HSK5	没有……就没有……	句子的类型	复句	紧缩复句	没有老师的努力付出就没有我们今天的成绩。//没有汗水就没有收获。
HSK5	不……不……	句子的类型	复句	紧缩复句	不尝不知道，这种水果的味道果然很独特。//毛病虽然不大，但还是应该修理一下，不修不安全。
HSK5	再……也……	句子的类型	复句	紧缩复句	这首歌再听多少遍也不会烦。//困难再大也要坚持下去。
HSK6	超—、多—、反—、无—、亚—、准—	语素	类前缀		没想到他竟然超水平发挥，最终赢得了这场比赛。//这位演员的表演总能展现出多层次的人物心理。//父母过分关注孩子的一举一动，会对孩子的成长起到反作用。//公司所有电脑系统都经过了严格的安全检查，确保无病毒运行。//新开发的商业区已经成为了城市亚中心，发展潜力巨大。//小张和女朋友小李已经订婚了，小李现在是张家的准媳妇。
HSK6	—化、—式、—型、—性	语素	类后缀		随着科技的发展，人们迎来了数字化时代。//本课程采用专题式的教学方法，每课介绍一个专题。//这种鱼是观赏型的，很多人把它们当做宠物。//这款产品具备很好的便捷性，使用十分方便。
HSK6	人家	词类	代词	人称代词	这是人家的东西，咱们不能随便拿。//今天多亏了老张来帮忙，我们得好好感谢人家。
HSK6	专用名量词：串、滴、枝、扇、卷1、卷2	词类	量词	名量词	这串项链是丈夫送给我的订婚礼物。//你试试往碗里加几滴醋，说不定味道会更好。//下班回家的路上，妈妈买了几枝玫瑰花。//听了他的话，我心里就像打开了一扇窗，突然亮了。//你把桌子上那卷胶带递给我一下。//这套书分为上、中、下三卷。
HSK6	番	词类	量词	动量词	经过一番激烈的争论，我们最终达成了一致。
HSK6	特、异常、较为	词类	副词	程度副词	听说我获得了奖学金，同学们都特羡慕。//相声是一种幽默的艺术，特有意思。//改进后的仪器操作异常便捷。//今年夏天异常炎热。//这本小说较为客观地反映了当时的社会现实。//专家们一致认为这项研究的设计较为合理。
HSK6	净、一同、大都	词类	副词	范围副词	我们净忙着说话，甚至忘了给客人倒茶。//那位老师的书房里净是外文书。//我明天在大厅等你，咱们一同出发。//人们聚集在广场上，一同迎接新年的到来。//公园里散步的老年人大都是附近的居民。//假期时，这里的人们大都选择去海边度假。
HSK6	一时、不时、仍旧、依旧、一向	词类	副词	时间副词	他一时紧张，忘记要说什么了。//面对眼前的比赛结果，人们一时难以接受。//她不时看看手机，等待着朋友的消息。//隔壁房间不时传来一阵笑声。//实验失败了，但他们没有放弃，仍旧坚持干下去。//他很努力地练习发音，但仍旧说得不太标准。//他们带着孩子又跑了几家医院，但依旧没有得到明确的诊断。//二十多年过去了，她依旧那么美丽动人。//作为老师，她一向严格要求自己的学生。//他一向喜欢跟朋友开玩笑。
HSK6	一再、再三	词类	副词	频率副词	出发前老师一再提醒大家带上护照，可我还是忘了。//王经理一再强调这个项目对于公司至关重要。//他再三考虑要不要放弃工作的机会。//小张再三向领导解释他上班迟到的原因。
HSK6	不禁、赶忙、特地、特意、偷偷	词类	副词	方式副词	听到这可怕的消息，我的心不禁凉了。//听完她的演讲，大家不禁鼓起掌来。//上课铃一响，学生们就赶忙跑回了教室。//听到有人求助，他赶忙过去帮忙。//回国当天，朋友特地开车把我送到了机场。//为了掌握实际情况，政府特地组织专家团队到当地开展调查。//这些书是我特意请朋友从国外买回来的。//我特意为您准备了一份礼物，请您一定收下。//小女孩偷偷把糖装进了口袋。//他偷偷把那件事告诉了老师。
HSK6	未必	词类	副词	否定副词	她最近工作很忙，未必有时间回老家。//有钱就一定会幸福吗？那也未必。
HSK6	恰好、倒是、干脆、明明、总算	词类	副词	语气副词	婚礼那天恰好是新娘的生日。//下周六我恰好有时间，咱们可以一起去爬山。//你计划得倒是很好，可是你能做到吗？//这部漫画的内容一般，绘画风格倒是生动有趣。//既然双方不愿意合作，干脆就不要浪费时间再谈了。//你今天这么累，干脆早点休息，明天再工作吧！//你明明不胖，为什么总嫌自己胖呢？//明明是他做错了事，凭什么让我向他道歉？//我们在路边等了很久，总算有位好心的司机让我们搭车回到了学校。//连着下了一周小雨，今天总算迎来了一个晴天。
HSK6	于	词类	介词	引出时间、处所	这所学校成立于1950年。//他已于上月离京。
HSK6	至于	词类	介词	引出对象	刚来中国时，我既听不懂也说不清楚，至于写作和阅读，就更不行了。//新产品已经开始生产了，至于销售时间和价格，现在还不能确定。
HSK6	因	词类	介词	引出目的、原因	因天气原因，运动会延期至周六举行。//他因迟到而错过了这次面试。
HSK6	除	词类	介词	表示排除	除特殊情况外，不得随意离开工作岗位。//除申请表以外，申请人还应提交一份个人简历。
HSK6	不料	词类	连词	连接分句或句子	我本来打算在房间看书，不料突然停电了，我只好去图书馆。//我以为两个孩子能一起好好玩儿，不料他俩刚一见面就吵起来了。
HSK6	所	词类	助词	结构助词	这部电影是根据人们所熟悉的故事改编的。//你所了解的情况只是一小部分。
HSK6	啦、嘛	词类	助词	语气助词	我昨天就已经把作业交给老师啦！//这些文件对于公司至关重要，你可千万别弄丢啦！//我只是开个玩笑，你不要太认真嘛。//要是觉得累了，就走慢一点儿嘛。
HSK6	也好	词类	助词	其他助词	孩子们假期不回来也好，我可以好好休息休息了。//手机也好，电脑也好，长时间使用都会造成眼睛疲劳。
HSK6	A这A那	短语	固定短语	四字格	小孩子总是喜欢拉着父母问这问那。//既然决定了就大胆去做吧，不要总是想这想那。
HSK6	左A右B	短语	固定短语	四字格	天还没亮，他就醒了，躺在床上左思右想，怎么也睡不着。//她在商场里左挑右选，始终没买到一件满意的衣服。
HSK6	好（不）容易	短语	固定短语	其他	我好不容易才获得这次面试机会，一定不会轻易放弃。//假期好不容易可以休息一下，你怎么还要去公司加班？
HSK6	那倒（也）是	短语	固定短语	其他	假如去那家公司工作能为你提供更多的发展空间，那倒也是个不错的选择。//要是你能从失败中吸取教训，那倒也是件值得高兴的事。
HSK6	算了	短语	固定短语	其他	这些旧衣服扔掉算了，反正也不会再穿了。//雪下得这么大，估计不会有客人来了，干脆早点儿关门算了。
HSK6	得了	短语	固定短语	其他	得了，别再想了，结果不可能改变了。//你这么喜欢这本书，干脆送给你得了。
HSK6	A一+量词，B一+量词	固定格式			我们左一句、右一句地安慰，她才终于不哭了。//大家你一言，我一语，很快就商量出了解决的办法。
HSK6	东一A，西一A	固定格式			房间里的衣服东一件，西一件，扔得哪儿都是。//最近他东一本，西一本地看了不少书。
HSK6	到……为止	固定格式			到目前为止，双方已经达成了初步的合作。//他把产品设计改了很多遍，一直到客户满意为止。
HSK6	X到Y头上来了	固定格式			我把你当作好朋友，没想到你竟然骗到我头上来了。//问题不是我造成的，怎么怪到我头上来了？
HSK6	不X不……，一X……	固定格式			不学不知道，一学才知道汉字如此有魅力。//这茶不尝不知道，一尝就喜欢上了。
HSK6	好你个X	固定格式			好你个老张，原来是你在背后说我坏话！//好你个骗子，赶紧把钱还给我，否则我就报警。
HSK6	早（也）不X，晚（也）不X	固定格式			早不来，晚不来，我正要出门你来了。//早也不下雨，晚也不下雨，比赛刚一开始就下起来了。
HSK6	看/瞧+把+宾语（施事）+X得	固定格式			瞧把他兴奋得，简直像个孩子一样。//看把你笑得，腰都直不起来了。
HSK6	放着X不Y	固定格式			你为什么放着自己的车不开，跑去借别人的车？//他放着孩子不管，整天跑出去玩儿。
HSK6	X了就X了，（没）有……	固定格式			他已经是大人了，走了就走了，有什么好担心的？//东西丢了就丢了，没有什么好可惜的。
HSK6	这/那也不X，那/这也不Y	固定格式			这也不好吃，那也不好吃，你干脆饿着吧。//那也不喜欢，这也不满意，你到底想找什么样的工作？
HSK6	X归X，Y归Y	固定格式			打归打，骂归骂，父母永远是最疼你的人。//计划归计划，行动归行动，二者并不完全一样。
HSK6	看你X的/瞧他X的	固定格式			我跟你开玩笑呢！看你吓的！//不就是得了奖学金吗？瞧他得意的！
HSK6	动词/形容词+透+了	句子成分	补语	程度补语3	我恨透了那些不诚信的商家。//大雨把他身上的衣服全都淋透了。
HSK6	主语（非生物体）+把+宾语+动词+其他成分	句子的类型	特殊句型	“把”字句4	阳光把大地染成了红色。//音乐声把游客都吸引过去了。
HSK6	主语+把+宾语（施事）+动词+其他成分	句子的类型	特殊句型	“把”字句4	孩子把妈妈气得睡不着觉。//她讲述的故事把大家感动哭了。
HSK6	一时……一时……	句子的类型	复句	并列复句	最近产品价格不太稳定，一时上升一时下降。//这段时间天气变化快，一时冷一时热。
HSK6	要么……，要么……	句子的类型	复句	选择复句	我平常要么点外卖，要么自己做，很少去食堂吃。//那家饭馆的菜要么太咸，要么太辣，我都不爱吃。
HSK6	虽……，但/可/却/也……	句子的类型	复句	转折复句	比赛虽未取得胜利，但我们收获了宝贵的经验。//这道题虽有难度，可做出来的同学不在少数。//文章虽短，读后却使人充满力量。//她心里虽不喜欢，也坚持来上班了。
HSK6	凡是……，都……	句子的类型	复句	条件复句	凡是有机会，他都会积极争取。//凡是错误的行为，我们都应该纠正。
HSK6	除非……，才……	句子的类型	复句	条件复句	除非你亲自邀请，他才有可能同意参加。//除非是紧急情况，我才会向他求助。
HSK6	除非……，否则/不然……	句子的类型	复句	条件复句	除非他承认错误并向我道歉，否则我不会原谅他。//除非你说清楚是什么事情，不然我不可能同意帮忙。
HSK6	就算……，也……	句子的类型	复句	让步复句	就算再累，我也要坚持完成任务。//就算他做错了，你也要注意教育方法。
HSK6	……，以便……	句子的类型	复句	目的复句	请留下您的联系方式，以便日后联系。//当地政府计划调整地铁的发车时间，以便更多的乘客能够乘坐公共交通。
HSK7-9	后—、亲—	语素	类前缀		奥运场馆开工之前，就要考虑到后奥运时代的需求。//市长对老人们嘘寒问暖，并亲手将慰问品送到老人手中。
HSK7-9	—观、—鬼、—界、—然、—坛、—为、—制	语素	类后缀		新时代农民的价值观、消费观、审美观都和以往有了很大的不同。//只给孩子花钱却不花时间陪伴孩子的家长同样是小气鬼。//我的导师在学术界和产业界都享有崇高的声望。//经过七个小时的飞行，我终于在异国安然落地。//今年的“体坛风云人物”颁奖仪式特别隆重。//本公司的产品多年来广为消费者称赞。//以公有制为主体、多种所有制经济共同发展,是中国现阶段的基本经济制度。
HSK7-9	巴不得、并非、除外、犯不着、犯得着、恨不得、可否、可谓、免不了、所谓、有所、予以	词类	动词		他巴不得早点儿退休，好能到处游山玩水。//在外漂泊多年的游子归心似箭，巴不得一步跨进家门。//一种艺术风格的形成并非一蹴而就，必须经历一个渐进发展的过程。//你之所以落选，并非你不优秀，而是你的风格和他们的需求不完全匹配。//八折优惠仅限周一至周五使用，法定节假日除外。//在场各位皆是西装革履，只有一人除外，穿着十分随意。//他是个啥也不懂的毛头小子，你犯不着跟他一般见识。//你们俩打小就认识，为了这么点儿小事闹翻，犯不着。//现在是公司发展的关键时期，你犯得着为这些小事分心吗？//人家好心好意给你提些意见，你这么激动，犯得着吗？//一开始项目推动得非常缓慢，我们恨不得24小时都在工作。//大家的学习热情很高，恨不得一下子把所有的先进技术都学到手。//此事可否容我思索几日，再行答复？//关于先生会上所言，学生尚有不明之处，可否向先生进一步请教？//我申请与其当面对质，不知可否？//王安忆对上海人的观察和描写非常细腻，可谓“入木三分”。//《昆虫记》知识性、趣味性、哲理性兼具，真可谓是科学与艺术相结合的典范。//在成长的道路上，免不了会遇到各种各样的问题。//这件事要是让他知道，一顿数落是免不了的。//所谓难得糊涂，并非是对生活的无奈妥协，而是一种张弛有度的处世之道。//这家公司所谓的产品升级，不过是给商品换了一个更华丽的包装。//引进先进技术与优化管理流程后，各部门工作效率均有所提高。//倘若事态紧急，无暇向上请示，你大可自行决断，不必有所顾虑。//限于作者水平，如有不当之处还望专家予以批评指正。//对于原告提出的高昂赔付要求，法院并未予以支持。
HSK7-9	我	词类	代词	人称代词	我校教育质量上乘，办学几十年间为国家培养、输送了大批优秀人才。//我公司始终秉持“以客户为中心”的理念，致力于为客户提供最优质的服务。
HSK7-9	彼、这么着、兹	词类	代词	指示代词	“古典小说”鼎盛于明清时期，彼时涌现了如四大名著等众多经典之作。//提起朝阳，人们往往会想到北京的朝阳区。然而我们今日前往参观的此“朝阳”非彼“朝阳”，乃是被誉为“三燕古都”的辽宁省朝阳市。//在商务谈判中，应尽量做到知己知彼，这样才能争取到最大的利益。//你们觉得这么着好就这么办，不必再来问我的意见了。//那地方你人生地不熟的，这么着吧，我陪你一起去看看。//兹证明李莉女士系本单位正式员工，已连续在本单位工作十年。//受有关机构委托，兹有以下标的拟予以转让，现公告如下，欢迎合格投标人参加该项目投标。
HSK7-9	何、怎么着	词类	代词	疑问代词	历史学家的任务之一是在浩瀚的史料中挖掘出何时、何地发生了何种事件。//这座滨江小城魅力何在？因何引得诸多文人骚客留下脍炙人口的名篇？//他夜里翻来覆去地想着这件事，可是还是不知道该怎么着才好。//你说她半天在那儿一声不吭，是生气了还是怎么着？
HSK7-9	若干	词类	代词	数量代词	经过初赛、复赛和决赛，大赛产生了“十佳歌手”和若干“优秀歌手”。//她一生著有长篇小说七部，另有中短篇小说、散文、诗歌、随笔若干。
HSK7-9	重、截、缕、码、枚、摊、丸、则、幢、宗	词类	量词	名量词	该项目的延期是由多重原因所导致的，包括预算不足、人员短缺等。//她们团队克服重重困难和阻碍，出色地完成了艰巨的任务。//他想找一截木头做个镇纸。//他看到这里简陋的生活环境，心里顿时凉了半截。//迎面走来一个身着白色T恤的女学生，白皙的额头上垂落着一缕秀发。//忽地起了一阵微风，送来缕缕清香，将所有的烦恼瞬间驱散。//科研和科普是两码事。杰出的科学家未必能写出好的科普作品，优秀的科普作家也不一定能做好科研工作。//虽然你们私交很好，但工作上的事情还是应该一码归一码，公事公办。//权利与义务犹如一枚硬币的两面，相互依存，密不可分。//他工作非常出色，十年里共获得五枚奖章。//苏州有一对老夫妻，子女们平日里各为自己的一摊事忙活，只有节假日才有机会团聚。//公司的事已经让他焦头烂额，家中还另有一摊，他感到身心俱疲。//要制成一丸药，需用上三十多种原料并经过多道工序。//这个药每日三次，每次六丸，餐后半小时服用。//今天《人民日报》上刊登的一则新闻，令我大吃一惊。//在不到两小时的演讲过程中，他至少引用了20则古代典故。//历经一年，长乐村建成了一幢两层高的标准化教学楼。//医院今年新建职工宿舍三幢，医技大楼两幢。//法官必须具有超乎寻常的耐心和细心，才能办好每一宗案件。//他匆匆赶往机场，准备飞去香港谈宗生意。
HSK7-9	通	词类	量词	动量词	了解了我的饮食习惯以后，那位医生将我好一通批评，说我没有管住嘴。//因为他的失误，公司利益受到了重大损失，老板把他狠狠训了一通。
HSK7-9	人次	词类	量词	复合量词	旅游大数据显示，今年一季度辽宁省共接待游客1.71亿人次，同比增长68.2%。//各大图书馆的古旧书刊，因近年借阅人次大幅增加，损坏非常严重。
HSK7-9	大为、分外、何等、极度、极力、略、略微、颇、稍稍、万分、微、尤为、愈加、越发	词类	副词	程度副词	当他们第一次品尝这道精致的菜肴时，大为惊叹，味蕾感到前所未有的满足。//该歌手的演唱会门票，每张均以高价售出，但其表演水平并不高，观众看后大为不满。//与高手过招时须分外小心，万不可轻举妄动。//由于周边建筑都比较低矮，这座大楼显得分外高大。//拥有一双发现美的眼睛，在平淡生活中捕捉到一点一滴的美好，是何等幸运！//在地形条件复杂的地区修筑一条长距离的铁路，不仅需攻克技术难题，而且投资//巨大、耗时耗力，是何等地不容易啊！//即使在极度困难的条件下，他仍执着地追求着自己的艺术理想。//他这段时间一直极度紧张和焦虑，现在终于放松下来了。//在会议上，他提出的解决方案大家都表示赞成，只有副总经理一个人极力反对。//他极力想忍住，但疼痛还是使他叫出声来。//今年这套试卷注重考查学生灵活运用语言知识的能力，整体难度略高于历年考题。//主人的审美意趣如何，从其所着的衣饰和家中的陈设，便可略知一二。//他脸上挂着浅浅笑意，听到问题后总会先略微思考一下，再不紧不慢地作答。//志愿者的热情如融融阳光，为这略微有些寒冷的清晨带来了暖意。//林青自幼对木雕颇感兴趣，六岁起即拜当地的匠人为师，潜心学习雕刻技艺。//城市民宿往往隐于闹市，因其风格独特，活动自由，如今颇受顾客青睐。//他顾不上长途飞行的疲惫，稍稍歇息后就马不停蹄地与客户商讨合作事宜。//她坐在那里，低头摆弄着衣角，稍稍有些拘谨。//按照赵医生的手术治疗方案，患者最后转危为安，家属对其万分感激。//学生们平时只在银幕上见过周老师，现在有幸现场得见其“庐山真面目”，个个激动万分。//谈及自己的远大理想，他有点儿激动，面色微红，声音也有点儿颤抖。//听了我的话，他微张着嘴，好像想说点儿什么，但最终还是什么也没说。//这次比赛中，9号选手的表现尤为突出，给评委和观众都留下了深刻的印象。//在三星堆考古新成果中，尤为引人注目的是一座通高近70厘米的大口尊。//近年来，两国战略沟通合作日益密切，兄弟情谊愈加深厚。//随着阅读的增多，书慧愈加不满足于安居于室，渴望去见识外面的世界。//经过数百次的舞台历练，他的演技越发纯熟。//缠绵的雨丝，飘洒在青石小巷，越发让人觉得诗意。
HSK7-9	大体、概、皆、尽、均、通通、统统、唯、唯独、唯有、无非、一概	词类	副词	范围副词	他的身体已经大体恢复了，我觉得可以进行一些基础性训练了。//同类企业中，设备或许大体相似，但是生产效能可能相差悬殊。//游客因擅自参加高危活动所造成的人身和财产损失，本旅行社概不负责。//凡成大事者，必定有坚韧不拔的意志。古今中外，概莫能外。//这部剧除男女主角之外，其他演员皆一人分饰数角，但每个人物特点鲜明，并不会让观众混淆。//中国瓷器之所以享誉世界，皆因其实用与审美并存。//荆门为荆楚文化发祥地之一，文化底蕴深厚，历史古迹遍地皆是。//从广州塔顶楼俯瞰，羊城璀璨的夜景尽收眼底。//村落被青山绿水环绕，尽是些古朴的瓦房和雅致的石桥，没有丝毫现代化的气息，却添了几分宁静与幽然。//在有关部门的大力监管下，存在环境安全隐患的酒店、餐厅等均已完成整改。//市场上某些特殊商品不宜标价的，均须经当地价格主管部门核准。//那一大堆坏了的电器，他只用了一个晚上的时间，就通通修理好了。//这些事情你通通不要管，你只负责技术革新。//她对年轻后辈毫无保留，将自己多年来的经验教训统统分享给了大家。//他现在是一切为了孩子，什么升职发财换大房子，他统统不去想了。//现在很多孩子都有“唯我为大”的思维方式，这跟父母的过分溺爱有密切的关系。//修身之道不唯阅读，品茶、闲谈、对弈、抚琴、练武、游历山水均可养性。//那么多同他一起备考的考生都放弃了，唯独他一个人坚持了下来。//人的眼睛，能洞察他人，观测周遭的事物，唯独无法窥见自己的真容。//我们村上了岁数的老人几乎都不会用智能手机，唯有老村长是个例外。//在全球化的激烈竞争中，唯有持续创新才能立于不败之地。//综合来看，外语学习的动机无非两种：融合型动机和工具型动机。//邻居跟我偶然碰见时会闲聊几句，说的无非是些家长里短的事情。//国务院明确规定，我国的“驰名商标”工作一概由国家商标局负责。//小夫妻俩决定婚礼一切从简，只摆几桌酒席，婚车和接亲环节一概取消。
HSK7-9	姑且、即、即时、届时、尽早、就此、历来、尚、随即、向来、一经、暂且、早日	词类	副词	时间副词	出于保护当事人的考虑，我们隐去了其真实姓名，姑且以“张某”代称。//我给您简单分析一下吧，您姑且一听，要是不对，权当我没说。//“蜜月游”愈发流行，不少年轻人办完酒席即启程旅行。//在4G峰值速度下，下载一部1GB大小的高清电影需要1分钟左右，而在5G条件下只需几秒即可。//气象局在暴雨来临前，通过网络、电视、广播等多种媒介，即时发布有关暴雨的预警信号。//在智慧课堂中，李老师通过平板电脑向学生发布任务，根据平台精准反馈的学情//即时进行教学调整。//本协议在履行过程中，如若发生未曾约定的情况，届时由双方共同友好商定。//大会将于9月10日至18日在北京举行，届时将会有近800名国外代表与会。//家长应尽早让孩子参与家务劳动，培养他们的责任感和自理能力。//外出旅行应提前确定行程并尽早预约购票，以防票量不足或票价上涨。//相聚的时光总是短暂的，丰盛的晚餐过后大家就此告别。//虽然油气勘探工作屡遭失败，但是地质学家们并未就此止步，反倒越挫越勇。//“绿肥红瘦”四字是李清照《如梦令》一词的点睛之笔，历来为世人所称道。//苏州历来是经济富饶的鱼米之乡，与杭州齐名，并称“苏杭”。//当时我年纪尚幼，许多事情已然模糊不清，但故乡染满绿的庭院，是记忆深处永远的乡愁。//截至目前，搜救工作尚未发现幸存人员，事故原因尚待调查。//她犹豫了一下，随即拿起了电话，把这件事报告给总经理。//我听闻临近扬州的泰州，早茶亦颇有特色，随即驱车从扬州前往泰州。//孙老板向来一言九鼎，因此在商界信誉很高。//他深居简出，向来不喜与外界交往。//绿色农场种植出的果蔬天然无公害，一经上市便供不应求。//《红楼梦》这部经典名著又要翻拍的消息一经发布，即引起社会热议。//鉴于此问题情况复杂、涉及面广，本文限于篇幅，暂且不做讨论。//任务推进遇到瓶颈时，不妨暂且搁置细节问题，集中精力解决主要问题。//我们期待她的新作早日问世，并且预祝她在文学创作上取得更大的成功。//孩子们自发来到病房里看望老师，感谢老师的辛勤付出并祝愿老师早日康复。
HSK7-9	连连、屡次、屡屡、频、时而、时时、相继、一个劲（儿）、一连、再度	词类	副词	频率副词	这家店的饭菜不但量大实惠，而且色香味俱全，每一个来吃的人都连连称赞。//杂技艺术节上，各地顶尖的杂技演员各显身手，引得现场惊呼不断、掌声连连。//嘉宾因说话屡次被主持人打断，已面露愠色。//他的电影作品受到海内外市场的欢迎，屡次获得国际影展奖项。//凭借着高超的技艺和精巧的构思，民间艺术家的作品在国内外赛事中屡屡获奖。//这一服装品牌将非遗元素融入现代设计，屡屡在时装周上惊艳亮相。//近年来，我院师生在各类学科竞赛中屡获佳绩，捷报频传。//这里以前是沙尘暴频发的地区，通过植树造林、补绿复绿，现已成为国家级生态文明示范区。//天空布满阴云，时而落下几滴雨，未带来一丝凉爽，却闷得让人喘不过气来。//他凝神望着前方连绵的青山，时而眉头微蹙，时而喜上眉梢，不知思绪飘到了何方。//对这些好心人的善举，受帮助者时时感念于心，希望有朝一日能回报恩人。//工作中他是严师，教学一丝不苟；生活中他又像个老父亲，时时关心我们的身心健康。//如果员工相继辞职，老板必须予以重视，找寻员工流失的真正原因。//金秋九月，北京戏剧舞台异彩纷呈，相继展演了精品剧目114部。//大嫂在旁边一个劲使眼色，示意哥哥不要再说下去了。//孩子不能一个劲儿地闷头苦学，适当的休闲和锻炼都是很有必要的。//为了尽快研制出特效药，他常常在实验室里一连奋战十几个小时。//大水靠在沙发上，一连打了好几个哈欠，困得睁不开眼。//时隔12年，中国队再度捧起冠军奖杯。//由于身体抱恙，她一度放弃歌唱事业。后来在家人的支持下，她再度鼓起勇气，站上舞台。
HSK7-9	按理、按说、百般、不由得、趁机、趁早、大肆、断然、公然、火速、截然、竭力、尽情、就近、刻意、拼命、强行、任意、日趋、如期、擅自、私自、特此、瞎、一并、一举、一手、毅然、有意、照常、照例、照样、执意、骤然、逐一、专程	词类	副词	方式副词	按理，一到广州我就应该即刻去拜访先生，不料因行程繁忙到最后也未能成行。//你出现了这个失误，按理该扣一个月的工资，但看在你平时工作还算认真的份上，公司决定给你机会将功补过。//按说，以方平的能力完全可以在大城市里立足，可他为了方便照顾父母，毅然选//择回乡工作。年轻人的私事，按说我不该多问，可是既然影响到了工作，我就不能不问一问了。 养护工人对园内种植的一草一木百般呵护，定时浇水、悉心修剪。//这部作品经过了作者的反复斟酌、百般打磨，一经发表便好评如潮。//看见前面登场的选手纷纷取得了较高的得分，即将表演的白兰不由得紧张了起来。//看到新戏排练终于有了进展，导演不由得松了口气。//对方球员心情焦躁，失误明显增多，黑龙江队趁机将比分反超。//全套课程系统讲授了深度学习的常用算法，并非无良商家在人工智能风口趁机推出的“割韭菜”产品。//8号球员好像不在状态，刚才又受了伤，趁早把他换下来，以免影响比赛结果。//你想靠炒股票赚钱？趁早打消这个念头儿吧，你别听人忽悠，炒股的人没有几个赚钱的。//他在饭桌上大肆吹嘘自己的财富和人脉，试图建立起一个成功人士的形象。//夏季是害虫大肆为害的时节，为保障群众身心健康，服务团队对重点区域进行了//全方位的科学消杀。//对于贵方提出的无理要求，我方断然拒绝。//举办一场国际展览会，断然不可能仅凭一己之力完成，需各方精诚合作、共同努力。//被告公然违反法律规定，散布谣言，严重损害了原告的商业信誉。//他在训练时公然顶撞主教练，受到严肃批评是理所当然的。//地震发生后，他主动终止休假，火速归队，毅然投身抢险救灾第一线。//高速公路上一辆大货车轮胎起火亟需救援，高速交警接警后，火速派附近警力和//119消防车前往现场救援。//他们俩虽是双胞胎，性格却截然相反。//供给和需求好比一枚硬币的两面，无法截然分开。//匠人们非常注重技法的精湛，竭力使自己的作品成为流传千古的艺术精品。//但凡旅客有需求，小到一针一线，大到轮椅担架，铁路工作人员都会竭力满足。//游客们迫不及待地躺在草地上尽情呼吸新鲜的空气，享受灿烂的阳光。//在壬寅虎年来临之际，各地人民以丰富多彩的活动，尽情表达了他们的喜悦之情和对新一年的美好憧憬。//所谓“就近入学”，一般是按照户口所在地去附近的学校登记入学。//过去驾驶证补换需前往车管所办理，现在在网上提交信息后即可就近领取。//他在演讲中幽默的插话并非一时兴起，而是刻意为之，以赢得观众的好感。//研究者在选择研究课题时，不能刻意去赶时髦，盲目跟风，而应结合自己的知识结构和研究兴趣。//你别这么拼命地工作，要注意身体啊！//现场所有的粉丝们都在拼命鼓掌、尖叫，气氛热烈极了！//当电梯关门时，不可强行挤入，以免发生危险。//不要直接使用电源开关键强行关机，这样易造成系统文件损坏或丢失。//理发师的手艺高超，顾客可从色板上任意挑选造型，也可带图或口头描述，只有你想不到，没有她做不到。//历史就是历史，谁都不能任意修改。//两宋时期，海外贸易得到了空前发展，海商队伍不断壮大，侨居外商也日趋增多。//智能手机市场现已日趋饱和，如何稳中求变，成了各大厂商首要解决的问题。//虽然时间紧迫，工作量浩繁，工人们终于克服种种困难，如期完成了任务。//为确保活动如期举行，主办方积极协调各方资源，及时解决潜在问题。//为避免员工擅自离职给公司带来麻烦和损失，用人单位可在劳动合同中提前注明相关条款。//未经商标注册人许可，任何组织和个人均不得擅自将该商标用于同类商品上。//行程中请务必听从导游安排，如私自离团，产生的一切后果均须自行承担。//文物购销统一由文物部门负责，国内外人士不得私自进行买卖。//贵公司为我们提供了极大的帮助，特此表示感谢。//与会人员往返旅费自理，会议期间食宿由主办方承担。特此通知。//不明白的不要瞎做，不该说的不要瞎说。//努力先要找准方向，否则累得半死却只是原地打转，瞎忙一通。//为了给山区的孩子们更多的帮助，志愿者回信时还一并寄去了衣服和图书。//关心支持我的朋友太多，无法一一列举，在此一并致谢。//新技术的引入，一举解决了公司长期以来成本过高、产能不足等多项难题。//在奥运会乒乓球男子团体决赛中，三名中国选手团结一致，一举夺冠。//有些家庭条件好的孩子之所以会养成一些不良习惯，完全是父母一手造成的。//为了照顾生病的妻子和年幼的孩子，他关了自己一手创办的工作室，专心守着家人。//山区孩子对知识的渴求深深打动了他，他毅然决定扎根于此，帮助孩子们圆梦大学。//他取得博士学位后，毅然放弃了国外良好的工作条件和优厚的物质待遇，回到了祖国的怀抱。//说到精彩之处，他有意不往下讲，吊足了大家的胃口。//我但凡提出一点儿想法，他就急于反驳，似乎有意跟我过不去。//尽管一周以来连续阴雨，但施工仍照常进行。//虽然她已小有名气，但仍照常在剧场认真演出，打磨演技。//这周末店里的生意比较忙，老郭没有照例休假，而是到店帮忙接待顾客。//新品宣发照例应由市场营销部负责，然而因时间紧迫，其他部门也参与了策划。//他年近80照样身板硬朗，精力和体力不输年轻人。//叶老师并未计较我之前的顶撞，照样对我倾囊相授。//我和他多年未见，本想留他多住几天，可他执意不肯，说是家中有事。//她不顾家人、朋友的劝说，病还没好就执意回到工作岗位。//一夜狂风暴雨过后，气温骤然下降了十几度。//鱼相继在水中跃起，原本平静的湖面，骤然起了波澜。//大幕拉开，节目主持人走上舞台，他首先感谢了观众的到来，然后逐一介绍在场嘉宾。//考生入场后对号入座，将准考证和有效身份证件放在桌子右上角，以备监考员逐一核查。//为了吃到最鲜美的河豚，远在新疆的刘先生跨越三千多公里专程来到扬中。//有一年，我专程去南京拜访了恩师，导师已年逾古稀，但依然精神矍铄。
HSK7-9	不见得、绝不、无从、无须、无可、勿	词类	副词	否定副词	文学上的分类只反映文学作品的特点而非价值的高低，通俗小说不见得不高雅，//不见得不严肃，而那些所谓的非通俗小说，也并非都是精品。//这件事非常麻烦，你就是让比我厉害十倍的人去办，也不见得能办成。//年轻人绝不应为了攀比和享乐而过度消费，甚至背上难以偿还的债务。//他那么聪明的人，绝不会干这种傻事。//即将告别学生时代，我心有千言反而无从说起。//此次会议内容严格保密，外界对其无从得知。//她满墙贴的都是舞台上演奏的照片，音乐对她的重要性无须多言。//“往者不可谏，来者犹可追”，无须为过去的失误而懊悔，重要的是把握现在，展望未来。//她的演唱技巧卓越且感情真挚，让台下评委们无可指摘。//当被问及该片是否以悲剧结尾，女主表示已签署保密协议，对此无可奉告。//女儿春节在外未能回家，询问父母近况，二老回复说：“一切平安，勿念。”//室内若发生煤气泄漏，应立即打开门窗通风，切勿使用明火。
HSK7-9	必定、必将、不妨、不免、反倒、非得、分明、怪不得、果真、好在、何必、竟、愣、莫非、难怪、宁可、宁愿、碰巧、偏偏、恰巧、切、情愿、势必、索性、万万、未免、务必、幸好、幸亏、终究、何不、何尝、何苦	词类	副词	语气副词	快乐的人，必定是对生活有深刻洞察力的人，必定是内心富于诗意的人。//以你的资质，假以时日必定会“青出于蓝而胜于蓝”。//诚信经营方能行稳致远，投机取巧必将自取灭亡。//这次友好访问，必将使两国关系上升到一个新的阶段。//投资者须细细分析股票走势。若一时无把握，出手不妨“慢一拍”。//巧用果蔬饰家居，可拥有回味无穷的诗情画意，有兴趣的不妨一试。//眼看着周围的同事朋友升职发财，佳佳不免跟丈夫多唠叨了几句。//每逢下雨天，她就不免想起一桩伤心的往事。//我让他走慢点儿，等等我，他反倒加快了脚步。//他出身于一个医学世家，却对行医丝毫不感兴趣，反倒对绘画情有独钟。//这事儿没必要非得今天就定，你再回去好好考虑一下。//要想练就一手好的毛笔字，非得花十年甚至数十年功夫不可。//我分明看见他从办公室拿走了一份文件，可他就是不承认。//平坦宽阔的水泥路，稳重气派的小洋房，四周群山环绕，溪水潺潺。这哪里还是//一个贫穷落后的小村庄，分明是一个世外桃源！//他真是个精明能干的小伙子，怪不得厂长这么器重他。//——你听说了吗？小李当上部门经理了！//——怪不得！我说他今天怎么突然说要请客了呢。//他非常热情地让我尝尝这道菜，说这是这家店的招牌，我一吃，果真不错。//九寨沟的风景果真名不虚传，如人间仙境一般。//见到她的第一眼，我就觉得她是一个有故事的人。果真，这位看似柔弱的女性承受了许多不为人知的困苦与艰辛。//北京的胡同多得出奇，而且样子大同小异，穿梭其中极易迷路。好在北京人热心，问路时总能得到帮助。//这部电影的动作设计复杂且全部实地取景，好在他凭借多年的武术功底，成功完成了拍摄任务。//清者自清，你自己是清白的，何必跟误会你的人解释那么多。//你为了满足自己的虚荣心，花这么多钱打肿脸充胖子，何必呢？//整场比赛的战术执行得几乎无懈可击，对手在我方的猛烈进攻和严密防守下竟一分未得。//张校长的家离学校只有两公里，但是她长期住在学校，最长的一次竟有半年没回过家。//事情明明就是他做的，可他愣不承认。//出身贫寒的他，白手起家，愣是将一个小小的餐馆做成了全国连锁的品牌。//他这人一向无事不登三宝殿，今天忽然登门拜访，莫非有什么棘手的事相求？//望着孩子们拿到爱心图书时激动的神情，我心中涌起了强烈的幸福和满足，莫非这就是所谓的“赠人玫瑰，手有余香”？//物美价廉的菜品，清爽整洁的装修，热情周到的服务，难怪这家店的生意越来越红火。//置身湟川三峡，你可以同时欣赏到险峻雄伟的悬崖绝壁和深邃秀美的青山碧水，难怪这里被誉为“岭南诗画走廊”。//为了抓住这个宝贵的工作机会，他宁可每天双城通勤。//母亲望着怀中脸烧得通红的孩子，心疼不已，宁可病都生在自己身上。//如果贵公司无法保证按时交付，我们宁愿放弃此次合作。//每当攻克一个技术难题后，他不喜和别人一起庆功，宁愿一个人暗自回味。//我那时正为找房子发愁，碰巧有个同学租的两居室空出了一个房间，我就搬过去住了。//我刚买完东西准备回家，碰巧在商场门口遇见了多年不见的同窗，我们便去小酌了几杯，谈谈各自的经历。//台风早不来，晚不来，偏偏赶在这个时候来！航班取消了，我的旅游计划全泡汤了。//欣赏风景一般是用眼睛看，但东湖的设计者却偏偏要你用耳朵听景、用鼻子闻景。//吃饭时有可口的餐食，睡觉时有香软的床榻，逛街时恰巧听到钟爱的乐曲，这些瞬间都足以让我感受到生活的美好。//因为“鱼”恰巧跟“余”字同音，所以年夜饭饭桌上一定有鱼，是希望“年年有余”的意思。//雪山海拔较高，游览过程中易产生高原反应，切记根据自身情况量力而行。//家中常用药应少而精，切不可盲目囤积大量药品，避免过期造成浪费。//这家火锅店口碑极好，很多顾客情愿排队等一两个小时，也要在这里吃。//很多商家其实并不情愿动辄促销，但看到竞品价格一再跳水，自己也只能被迫参与价格战。//如果这则新闻的真实性得到确认，势必引起全社会的强烈反响。//如果这个关键技术问题得不到解决，公司的竞争力势必会受到影响。//前往景区的路上已堵得水泄不通，我们索性直接下车步行。//他考了几次都没通过，索性不考了。//我们为了这次竞赛准备了很长时间，可万万没有想到，组委会突然宣布比赛取消，而且没给出合理解释。//事实表明，代言人与品牌的匹配程度对商品销售有着重要影响，企业万万不可轻视。//文章本身不好，安上一个好题目也无济于事；但文章好而题目不好，就未免令人惋惜了。//没有取得理想结果，他未免有些沮丧，此时最需要的是鼓励和安慰。//演出期间，请各位观众务必将手机调至静音，以免影响他人。//因活动现场座位有限，请务必提前报名，额满即止。//他急忙把生病的孩子送去医院治疗，医生检查后说：“这孩子幸好送得及时，迟一点就没救了。”//我听见他的话后，吃惊地朝四周看了看，幸好附近无人，这才放了心。//今天的活动我幸亏没去凑热闹，去了也是人挤人，什么也看不见。//刘女士不小心把手提包落在了出租车上，幸亏遇到林师傅这样拾金不昧的司机，主动把包交还给了她。//乌云遮不住太阳，正义终究会战胜邪恶。//漂泊的游子，无论在外如何坚强，回到家也终究是个孩子。//我要去海南旅游了，你最近不也休假吗，何不一起去？//在这样一个大城市的小区，雨后还能听到蛙声，真的令人欣喜。我们何不把新居叫做“听蛙楼”？//她一向被众星捧月，何尝受过这样的冷遇，心中气愤不已。//在逆境下不气馁、不后悔，这才是强者该有的逻辑。体育比赛是这样，其他事情何尝不也是如此呢？//你60岁的人了，每个月好几千的退休金，何苦再出来打零工？//小张刚毕业，社会经验不足，犯点错误也难免，你何苦为难她呢？
HSK7-9	乃	词类	副词	判断副词	该片剧情严谨，全员演技在线，真乃一部不可多得的佳作。//我问他是怎么知道的，他神秘地说：“此乃天机，不可泄露。”
HSK7-9	打	词类	介词	引出时间、处所	打这天起，小赵替父亲担起了全家的重担。//他悄声说这可是件宝贝，打皇宫里流出来的。
HSK7-9	当着、就6	词类	介词	引出对象	当着这么多人，那人只好把话咽了下去。//大家聊得正高兴，她却当着大家的面掉下泪来。//论坛期间，各国专家就共同感兴趣的专题进行了探讨和交流。//就离婚后的财产分割问题，双方产生了激烈的争论。
HSK7-9	本着、基于、鉴于1、经、依	词类	介词	引出凭借、依据	我们本着“友谊第一，比赛第二”的精神，充分享受比赛的乐趣。//虽然我和小孙素日关系更近，但本着实事求是的态度，我还是把票投给了小魏。//基于调研的结果，我们精准定位了产品的目标市场。//这部电影是基于真实事件改编而成的。//鉴于你在此次项目中的突出表现，公司决定对你予以嘉奖。//鉴于市场需求和用户偏好的不断变化，产品设计应适时转变策略，适应市场发展。//决议成文程序严格，须经全体会议或代表大会讨论通过才能生效。//经医生细心诊治，哥哥身体状况日渐好转，已经可以自行下床行走了。//经研究，公司决定把这一重要的新款产品交由你全权负责。//一些无良的鉴定专家不依市场价值而是依主观价值评定东西等级的行为，严重扰乱了市场秩序。//依我看，你在这件事的处理上有失公允。
HSK7-9	鉴于2、况且、免得、若、倘若、以防	词类	连词	连接分句或句子	鉴于近期设备故障频发，技术部门决定对相关设备进行全面维护。//鉴于被告人严某主动上缴违法所得，认罪态度良好，可酌情从轻处罚。//你们的方案非常详细，况且已经得到了业内专家的肯定，相信实施起来不会有什么问题。//要告别近二十年的舞台生涯，她真的十分不舍，况且，隔行如隔山，不跳舞她又能改行做些什么呢？//有缘无缘不可强求，免得徒增烦恼。//去往一个陌生的国家或地区，须了解当地的治安环境、文化禁忌，免得招来麻烦。//事情要是能顺利解决最好，若不行，就得另寻其他门路了。//若是购买的产品有任何质量问题，消费者可在七天之内无理由退换。//倘若一开始她就懂得精打细算，日子也不会过得这么捉襟见肘了。//我现在已经不想再听你说什么豪言壮语了。倘若五年后你能混出点名堂，就当我今日有眼不识泰山。//切莫轻易向陌生人转账汇款，以防上当受骗。//这次安全事故造成的惨烈后果，希望各位引以为戒，以防类似的悲剧再度发生。
HSK7-9	加之、乃至、且	词类	连词	连接词或词组以及分句或句子	空气湿闷，加之窗外嘈杂不已，使得她彻夜未眠。//他出众的能力加之丰富的工作经验是他职位迅速晋升的关键所在。//这件衣服的刺绣工艺异常复杂，单是绣一朵花就需要花费数月乃至一年的时间。//我被他对文学的热爱和执着深深地打动了，乃至我回去之后还不能平静。//受欢迎且传播力强的文章，在选题策划方面一定高出一筹。//醉酒驾车造成他人死亡的驾驶员被当场吊销驾照，且终身不予重新申请。
HSK7-9	罢了、也罢、矣	词类	助词	语气助词	他很谦虚地将自己的成功归结为运气好罢了。//那些我们一度以为难以承受的挫折，终将会变成人生宝贵的经历，只是时间的问题罢了。//这件事你答应也好，不答应也罢，我都铁了心要去做。//那些为迎合市场而推出的快餐读物，不看也罢。//朋友在精不在多，人生得一知己足矣。//作为一个摄影爱好者，我对这位国际知名的摄影大师仰慕久矣。
HSK7-9	爱A不A	短语	固定短语	四字格	团购的产品价格十分优惠，可商家对待使用团购券的客人却很不热情，总摆出一副爱吃不吃、爱住不住、爱买不买的姿态。//他这个人干什么都我行我素，穿衣打扮更是特立独行，一副“你爱看不看，反正我的事你管不着”的态度。
HSK7-9	半A半B	短语	固定短语	四字格	我这两天工作压力比较大，晚上一直半睡半醒，第二天精神很差。//他提供的信息半真半假，我们不能完全信任他。
HSK7-9	不A不B	短语	固定短语	四字格	我开服装店到今天正好一个月，生意不好不坏。//1000万，对绝大多数人来说是一个天文数字。如果一个人年入10万，他需要不吃不喝100年才能攒够1000万。
HSK7-9	不A而B	短语	固定短语	四字格	这名教授在职称晋升后，不顾尚未履行完毕的人事合同，连招呼都不打，直接不辞而别。//有研究表明，长期坚持有氧运动的人心肺功能会得到明显提升，一些疾病也会不治而愈。
HSK7-9	东A西B	短语	固定短语	四字格	这几个月我不停地东奔西走，几乎参访了集团下面所有的分公司，足以说明我一直关注集团的发展。//她东拼西凑了3万多元钱，但是离治病所需的高额费用还是远远不够的。
HSK7-9	非A非B	短语	固定短语	四字格	我跟他非亲非故，但是他却为了我的事四处奔波，感动得我不知说什么好。//这些非真非假的传说故事，吊足了一众游客的胃口，也给第二天的行程增添了几分神秘色彩。
HSK7-9	忽A忽B	短语	固定短语	四字格	那条盘山公路很险，一个接一个的急转弯。汽车开着像是扭秧歌，忽上忽下，忽左忽右。//羊群在草丛中忽隐忽现。一只细长的牧羊犬忙不迭地穿梭其中。
HSK7-9	或A或B	短语	固定短语	四字格	酒吧里的客人手里端着酒杯，或坐或立，姿态各异。//夜深了，可她或躺或坐，一直难以入睡。她生平第一次有这种牵肠挂肚的感觉。//她做的豆腐，或炖或炒，总是色白味醇。乡亲们头一次吃到这么好的豆腐，都夸她手艺好。
HSK7-9	可A可B	短语	固定短语	四字格	小婉对这位天才同事，没有半点嫉妒，而是一开始就由衷地欣赏她，并真心地关爱她，完全像一位可敬可亲大姐姐。//读书笔记要精炼，要根据实际的阅读进度，总结概括，并体现所思所想。篇幅可长可短，决不写空话、假话、应付的话。
HSK7-9	连A带B	短语	固定短语	四字格	一群年轻人连说带笑地迎面走来，整个街道顿时充满了欢声笑语。//昨晚有人在江边骑行，结果连人带车落入江中，至今生死不明。
HSK7-9	七A八B	短语	固定短语	四字格	司机对这里的道路不太熟悉，竟七拐八绕地把车开到了海边，现在陷在烂泥里出不来了。//乐乐是个十足的捣蛋鬼，常常把家里的玩具拆得七零八落的，用画笔把墙上涂得乱七八糟。
HSK7-9	时A时B	短语	固定短语	四字格	他最近身体时好时坏，但只要他还撑得住，他一定会来参加我们的婚礼的。//雨停了，天上的云渐渐散了，天边有道彩虹时隐时现。
HSK7-9	无A不B	短语	固定短语	四字格	短短几天，我们就成了无话不谈的好友，一想到就要分开了，不免觉得伤感。//这所无人不知的重点初中的家长可谓卧虎藏龙，基本上都是知名学者、政府高官、企业高管等有着较高社会地位的人。
HSK7-9	无A可B	短语	固定短语	四字格	工作地点离城里很远，休息时无处可去，他只得靠钓鱼聊以解闷。//到了淡季，公司业务很少，大部员工无事可做，只能拿底薪。
HSK7-9	自A自B	短语	固定短语	四字格	这位导演，早年在外国留过学，编剧功底了得，今天这戏，就是他自编自导的。//他开心极了，直夸我干得好，并自称自赞，说自己眼光独到。
HSK7-9	不瞒你说	短语	固定短语	其他（话语标记）	你这一番言论真令我醍醐灌顶，不瞒你说，我虽虚长你几岁，见解却远不如你。//老刘，不瞒你说，那次去你家吃饭，我到得早，你不在屋子里，桌上放着白菜炖五花肉，我就恨不得先吃两块解解馋。
HSK7-9	不是	短语	固定短语	其他（话语标记）	你们俩有话好好说，别斤斤计较，各自让一步，这事儿不就过去了？//——不是，我俩吵架你瞎掺和什么？//我们现在去吃自助餐怎么样？//——不是，你下午两点才吃过饭，现在还不到三个小时，这么快就又饿了？
HSK7-9	不是我说你	短语	固定短语	其他（话语标记）	不是我说你，你真是一点儿事都不懂。你既然求他帮忙，为什么姿态不放低点儿？//哥们儿，不是我说你，你还是社会经验不够啊。这件事搞成这样，说明你和上司的关系实在不怎么样。
HSK7-9	反过来（说）	短语	固定短语	其他（话语标记）	人的素质是人进行社会实践的产物，反过来，人的素质同样也会影响社会实践。//一个国家的教育发展水平取决于其经济、政治的发展程度；反过来说，它的经济和政治的发展程度，同样受到教育发展水平的深刻影响。
HSK7-9	概括来说	短语	固定短语	其他（话语标记）	我看过陈刚写的诗，概括来说，给我留下了这样两点印象：第一，他的诗可谓大气磅礴；第二，他古典诗词方面的修养非常高。//《体育课程标准》为体育课堂提供了课程评价的相关要求。概括来说，相关要求涵盖对学生的学习、教师的教学和课程的建设等多个方面。
HSK7-9	归根到底	短语	固定短语	其他（话语标记）	我所做的一切，归根到底，不还是为了你吗？//企业竞争，是技术、产品的竞争，归根到底是人才的竞争。
HSK7-9	话是这么说	短语	固定短语	其他（话语标记）	他问同事怕不怕，他们总是说：“这有什么好怕的？”话是这么说，但他依然有些恐惧。但怕也没有用，因为活是要干的，你怕不怕都得干！//如果一个人的事业能够被社会所认可，那么这种感受是超越物质的。话是这么说，但谁不想拥有好的物质条件呢？
HSK7-9	话（又）说回来	短语	固定短语	其他（话语标记）	现在很多公交车驾驶座旁安装了包围门，保证司机专注开车。话说回来，司机安全驾驶，乘客才能安全到站。//我一定得去问问，她这本书是在哪淘来的？不过话又说回来了，打听出来了又怎么样？反正已经被她买走了。
HSK7-9	换句话说	短语	固定短语	其他（话语标记）	喀什绝大多数人口是维吾尔族，汉族仅占10%。换句话说，10个人里只有一个是汉族人。//读书固然范围要广博，但是也要有所选择，不能什么都读。换句话说，不仅要多读书，还要读好书。
HSK7-9	简（而）言之	短语	固定短语	其他（话语标记）	你要问我过年的感受，简言之：热热闹闹、忙忙碌碌、吃吃喝喝、嘻嘻哈哈罢了。//电影艺术的教育作用，在于将人物的境遇、所作的斗争以及内心活动、思想感情传递给观众并为其所理解，从而激起共情。简而言之，就是能否动之以情。
HSK7-9	可不（是嘛）	短语	固定短语	其他（话语标记）	“北京的雪总是静悄悄地飘下来，不会有一点声音。只有第二天早上睡醒了去开门，才知道昨天晚上下雪了。”一个道地的北京口音回应说：“可不，北京连雪也文明。”//刘全指着铁子说：“要不是蔬菜大棚，铁子还是贫困户哩！”铁子不好意思地笑了：“可不是嘛！”
HSK7-9	老实说	短语	固定短语	其他（话语标记）	老实说，我对你太失望了。//我和我老公现在的状态是，只要我不主动和他说话，他也绝不会找我说话，老实说，有时候我觉得这样也挺好的，默契就行。
HSK7-9	（你）还别说	短语	固定短语	其他（话语标记）	我的朋友给我介绍了一位知名造型师。还别说，经他这么一打扮，我感觉整个人年轻了10岁。//我当年一咬牙，花了三个月的工资买了这台洗衣机，你还别说，贵有贵的道理，这么多年它没出现过一次质量问题。
HSK7-9	你看你	短语	固定短语	其他（话语标记）	孩子考试不及格，千万别这样训斥孩子：“你看你，就考这么点分。你看那谁谁谁，人家怎么就能考那么高的分呢？”//小娟啊！别人减肥，你可不能减啊！你看你，本来就瘦，再减的话都没人形了！
HSK7-9	说到哪儿去了	短语	固定短语	其他（话语标记）	你说到哪儿去了，我才不会对他产生任何好感！//姐姐，看你说到哪儿去了，这么见外，我们是一家人，我怎么会不尽全力帮你呢？
HSK7-9	说真的	短语	固定短语	其他（话语标记）	说真的，老张，我真怕他！不但我怕，别人也都怕他。他要是来了，我可是一句话都说不出来。//娜娜心平气和地说：“说真的，晓东，你过得好还是不好，对我已经无所谓了。我现在看到你，心里完全没有波澜。你放心吧，我不恨你，你不用抱歉。”
HSK7-9	退一步说	短语	固定短语	其他（话语标记）	向一个根本不喜欢数学的人解释为何迷上数学，这几乎不可能。退一步说，他甚至不能向自己解释清楚。//且不说在近几年内，本省电力紧缺的局面不可能有根本性的改观，退一步说，即使电力紧缺得到基本缓解，小火电仍然有其不可替代之处。
HSK7-9	无论如何	短语	固定短语	其他（话语标记）	无论如何，我得去打听打听，她这衣服到底从哪买的？//追逐梦想的过程必然是艰辛的，但无论如何，你都要坚持下去。
HSK7-9	要（让）我说	短语	固定短语	其他（话语标记）	你不能只看别人对你热不热情，先得想想自己应该怎么做。要我说呀，你还老觉得自己是个知识分子，身份与众不同。//我是没看出来他的书法好在哪里，妙在哪里。要让我说，不同就不同在他是个作家，而不是普通人。
HSK7-9	这不	短语	固定短语	其他（话语标记）	那些小伙子经常过来帮我在院子里干活，遇着墙坏了就重新垒。这不，院子的东墙就是他们不久前新垒的。//节日到了，我想给他们改善改善伙食。他俩是滕州的，这不，我准备了大葱、煎饼，还有一大盘肉。
HSK7-9	这样一来	短语	固定短语	其他（话语标记）	他在屋后的空地上饲养了一群小鸡。这样一来，等小鸡长大后，他就有鸡蛋和鸡肉可吃了。//这些猎犬虽然个个经验丰富、身手矫健，但是对主人却不够信任。这样一来，整个队伍在捕猎时的战斗力并不高。
HSK7-9	真是的	短语	固定短语	其他（话语标记）	他在我睡熟的时候偷偷跑了。真是的，我怎么会一点儿动静都没听到，睡得这么沉呢？//这点儿小事你竟然能唠叨两个多小时，真是的！
HSK7-9	综上所述	短语	固定短语	其他（话语标记）	生态经济学认为，一切经济活动都是在一定的生态经济系统中进行的。它是由生态系统和经济系统两个子系统有机结合形成的。经济活动不单在经济系统中进行，同时也在生态系统中运行。也就是说，同时要受经济规律和生态规律的双重制约。有的地区比其他地区发展得好、前景也更广阔，关键就在于主政者能够不但遵循商业经营规律，同时也满足生态平衡的自然规律要求。综上所述，创造经济效益、增强地区的竞争力与可持续发展密不可分，关键之处是人类是否在合理地利用资源、是否在改善和保护环境。//在这两天的赛场上，对面实力强大，调兵遣将游刃有余，相比起来，我们在女子项目上可与之匹敌，男双也有机会，但男单相对处于弱势。综上所述，赢下对方的困难不小，可他们碰见我们，心里未必就不发怵。
HSK7-9	总的来说	短语	固定短语	其他（话语标记）	法制组调查组赴广东省多地，对招商引资工作进行了深入调研。总的来说，工作取得了不小的成就，但也暴露出了若干具体问题。//他虽然性子急，有时说话有点儿伤人，但总的来说，他是个善良、真诚的人，关键时刻，总能给予我最及时的帮助。
HSK7-9	总而言之	短语	固定短语	其他（话语标记）	现在这个时代，你不但可以进行传统的阅读自学，还可以在网络上参加正规大学开设的慕课，学习之后甚至能获得学分认定。总而言之，一个有志于学习的人，肯定能够找到适合自己的学习之路，从而走上精彩的人生之路。//鲁迅早就主张用“拿来主义”对待他国的科学文化。他主张“拿来”以后，再区别好坏，或用或弃，总而言之，为我所用。
HSK7-9	X到这个地步/份上	固定格式			他的出发点是好的，只是没想到事情会闹到这个地步。//她是铁了心要走，话说到这个份上了，再挽留也就没什么意思。
HSK7-9	X得要命/要死	固定格式			他对他那一对双胞胎儿女，喜欢得要命。//今年福州破天荒下起了雪，天气冷得要死。幸亏家里提前装了地暖。
HSK7-9	X都不/没X	固定格式			儿子再次打来电话，可他连听都不听就直接把电话挂掉，然后把话筒放在一边，这样他儿子就再也打不进来了。//我敢断定，你托他办的这件事，他在老板面前提都没提过。
HSK7-9	X就X个Y	固定格式			玩就玩个痛快，反正明天还是假期。//今天我请客，你不用心疼钱，咱去就去个好点儿的饭店。
HSK7-9	X了Y，Y了X	固定格式			在海上生活可不是件简单的事。这几天，我们晕船晕得吃了吐，吐了吃，一点儿胃口都没有。//昨天晚上我睡了醒，醒了睡，心里十分烦躁，总觉得我们的秘密被泄露了。
HSK7-9	X也好，Y也罢	固定格式			你相信也好，不相信也罢，反正我没有在背后说过你的坏话。//不论别人说我幼稚也好，不成熟也罢，我都会坚持自己的原则。
HSK7-9	别提（有）多+形容词+了	固定格式			她这次考试没考好，整整哭了一天，别提多伤心了。//我和爸爸昨天第一次坐了过山车，那种体验，别提有多奇妙了。
HSK7-9	不亚于……	固定格式			站在慕田峪长城的高处看去，只见长城宛如一条曲折蜿蜒的巨龙，气势丝毫不亚于八达岭长城。//她一说起家乡便打开了话匣子，那骄傲的神情透出对家乡无比的热爱。她对每一处名胜的了解程度不亚于一个专业导游。
HSK7-9	不知X是/才好	固定格式			很多年轻人工作上有闯劲，但比较毛躁，遭遇挫折时，总不知如何是好。//她告诉我她和男友分手了，很痛苦。可我真的不知怎么办才好，只能不停地安慰她。
HSK7-9	动不动就……	固定格式			那姑娘动不动就给他打电话，弄得别人都以为他们是恋爱关系。//“我根本没有说过那些话！”王静的脸沉了下来，“你怎么动不动就歪曲我？”
HSK7-9	动词+得个……	固定格式			小黄怎么也不会想到，这份就业协议把自己送上了法庭，赔了2万元“违约金”不说，还落得个“没有诚信”的名声。//他也曾在股市搏杀，企图大赚一笔，结果闹得个血本无归，连房子都卖了。
HSK7-9	动词+个X	固定格式			你来我家，我一定用珍藏多年的好酒招待你，让你喝个痛快。//你下班之后就回家不行吗？天天在外面玩个什么劲儿？
HSK7-9	该X（就）X，该Y（就）Y	固定格式			遇事别多想，该吃吃，该喝喝，天塌不下来。//到了高三下学期，就该放下所有负担，调整好心态，该学就学，该玩就玩。
HSK7-9	何至于……	固定格式			要是我能想到别的办法，何至于来叨扰您呢？//我后悔没有听从他的忠告——要不然，事情何至于变得如此不可收拾！
HSK7-9	仅次于X	固定格式			在这家私营企业中，他的地位仅次于董事长。//水稻是世界上分布最广泛的粮食作物之一，其种植面积仅次于小麦。
HSK7-9	看在X的面子上	固定格式			我今天之所以放他一马，完全是看在你的面子上。//你别那么固执了，看在孩子的面子上，就来一趟吧。
HSK7-9	没什么+动词+头儿	固定格式			我觉得高档饭店的菜真没什么吃头儿，还是路边地道的土菜馆吃着过瘾。//春晚小品少了原来那些老面孔，还真是没什么看头儿。
HSK7-9	没什么好+动词+的	固定格式			你别再解释了，我跟你没什么好说的。//这事儿已经过去了，没什么好纠结的，人得往前看。
HSK7-9	莫过于……	固定格式			登山的游客可以欣赏到众多书画名家留下的石刻题词。石刻题词最密集地方，莫过于我们现在看到的这处崖壁了。//近些年，在全球范围内引发最多关注的火山，莫过于2010年3月20日开始大规模喷发的冰岛南部的埃亚菲亚德拉火山了。
HSK7-9	你说你一个X，……	固定格式			你说你一个20多岁的成年人，又不是小孩子，怎么连话都说不清楚呢？//你说你一个弱女子，一个人跑到这儿来干什么？人生地不熟的。
HSK7-9	什么A的B的	固定格式			你知道我的难言之隐，我不能和任何人说明我们的关系。所以什么好的坏的我都要憋在心里，默默承受。//听说小林和小王要结婚了，是真的吗？//——什么真的假的？！他俩结婚的日子早就定了，请帖也都发出去了。
HSK7-9	视……而定	固定格式			这项低保补助金，是为低收入家庭发放的。补助金额每家从500到3500元不等，视家庭收入而定。//领导进行调研的方式有多种，可以明察，可以暗访，可以召开小型座谈会，还可以针对性地个别谈话。该用什么方式，应视情况而定。
HSK7-9	谈何……	固定格式			十几年前，该县共有20余所小学，其中多半学校的校舍残破，教学设施老旧。这种情况下，谈何“素质教育”？//消费能力不足，工业产品就卖不出去。产品市场惨淡，工业谈何兴旺！
HSK7-9	无非/不过/只是……罢了/而已	固定格式			他无非有些小聪明罢了，离天才还差得远呢！//这里的海鲜大餐物美价廉，人均花费不过二百多港币而已。//我从来不觉得自己胖，我只是不瘦而已。
HSK7-9	想X之所想，急X之所急	固定格式			领导干部不能有私心杂念，要全心全意为人民服务，想人民之所想，急人民之所急。//创业指导专家服务团成立一年来，想创业者之所想，急创业者之所急，是创业者的最佳智囊团。
HSK7-9	向……致以……	固定格式			我们谨此向广大读者致以最诚挚的问候，感谢大家在过去的一年里对本刊的支持、鼓励和批评。//我满怀喜悦，用中文向留学生们致以节日的祝福。
HSK7-9	要X有/没X，要Y有/没Y	固定格式			我要长相没长相，要身材没身材，怎么可能当明星？//我们返回的时候要机票没机票，要火车票没火车票，只好跟人拼车回来。//老张要能力有能力，要资历有资历，早就应该当经理了。//你的部队一定要坚守阵地，把敌人反击下去，要援兵有援兵，要弹药有弹药。
HSK7-9	因……而……	固定格式			看到其他人的结局，俞经理十分庆幸自己没有因一时冲动而犯下大错。//教师为每个学生制定的学习计划应因人而异。
HSK7-9	有何X	固定格式			政府若仅靠当地力量不能让群众脱贫致富，引入外部资源有何不可？//我是真不明白，你这样只知道拼命赚钱，生活究竟有何乐趣？
HSK7-9	有什么+动词+头儿	固定格式			这不就是一场校际篮球联赛吗，有什么看头？//我是不明白，这些垃圾食品，油腻至极，有什么吃头？
HSK7-9	（在）……之余	固定格式			他职位提升后，工作日益繁忙，只能在工作之余发表一些作品。//这本书收录了很多幽默、滑稽的故事，不过倘若能在捧腹大笑之余回味一番，便可发现这些故事背后也蕴含着深刻的哲理。
HSK7-9	值此……之际，……	固定格式			值此新春佳节之际，衷心感谢您对本公司一直以来的关心和支持！//值此教师节来临之际，祝我校全体老师身体健康，阖家幸福！
HSK7-9	A+形容词+于/过+B	句子的类型	特殊句型	比较句5	新型钛合金门窗不仅美观大方，而且在使用寿命方面也远远优于铁窗和铝合金门窗。//对她这种锦衣玉食的富家小姐而言，面子往往胜于一切。//我可不相信这世界上还有厨艺高过您的人。//你争气点，强过你的两个哥哥，不要让那些没安好心的人笑话了。
HSK7-9	一来……，二来……，三来……	句子的类型	简单复句	并列复句	他虽然在犹豫，但现在还不会和她说分手，一来于心不忍，二来谈了这么多年多少也习惯了，三来怕别人议论。//他对王经理有相当的敬意，一来因为是自己的顶头上司，二来因为经理对于相关业务确实是烂熟于心，三来因为经理虽沉默寡言但又善于处理人际关系。
HSK7-9	一则……，二则……，三则……	句子的类型	简单复句	并列复句	这种药品一则价格高昂，二则产量较少，三则副作用明显，因此难以推广。//排练时需要的演员比实际演出的时候要多一些，一则考察演员的表现，不合适的话就换掉；二则可以相互提出意见，完善表演；三则不上场的演员也可以做一些剧务工作。
HSK7-9	所谓……，就是……	句子的类型	简单复句	解说复句	所谓绒面涂料，就是视觉效果一流，又不会引发眩晕，触感柔软而有弹性的新型装饰材料。//企业管理者要为企业的发展提供催化剂。所谓催化剂，就是能为企业发展提供助力的一切行为，包括设立清晰目标、调动员工自主性和创造性，以及提供充分的资源等。
HSK7-9	或……，或……	句子的类型	简单复句	选择复句	这一辈子，或饱经挫折，或一帆风顺。受挫折的，心性会得到磨炼，总是处于顺境的，往往思想单纯。//那个工人，或是生病了，或是家里头有事，反正今天来不了了。
HSK7-9	宁可/宁愿……，也不……	句子的类型	简单复句	选择复句	今年上半年，门店营业额有二百五十万元之多，但利润仅一万多元，公司经理说：“我们宁可利润少一些，也不能忘掉服务消费者的宗旨。”//这批有志于交响乐艺术的音乐家始终以发展中国高水平的交响乐为己任。他们宁愿生活艰苦些，也不愿放弃自己热爱的事业。
HSK7-9	与其……，宁愿/宁可……	句子的类型	简单复句	选择复句	与其在这里胡思乱想，我宁愿当面去问个清楚。//与其跟这些毫无责任心的人一组，我宁可一个人做这个小组作业。
HSK7-9	X（倒）是X（了），……	句子的类型	简单复句	转折复句	重庆火锅好吃是好吃，不过对于吃不惯麻辣味的人来说，恐怕会难以入口。//上周的大型相亲会，他迫于父母的压力，去倒是去了，但若是让他在相亲会上勇敢地表达自己，追求心上人，确实是难为他了。
HSK7-9	别看……，……	句子的类型	简单复句	转折复句	别看年龄小，他的志向可很大呢！//别看小王一天到晚看上去什么都不在乎的样子，其实他是个特别在意别人看法的人。
HSK7-9	虽说……，但/可……	句子的类型	简单复句	转折复句	虽说我的身体不好，但我并不会放弃一直以来的理想。//虽说这位著名画家的一幅画就可赚上百万，可仍然架不住儿子这样挥霍。
HSK7-9	无论……与否，都……	句子的类型	简单复句	条件复句	无论你同意与否，他都会按自己的计划去处理这件事的。//所有的工作人员，无论工作成绩优异与否，都是能领到高额奖金的。
HSK7-9	凡……（者），均（可）……	句子的类型	简单复句	条件复句	此次比赛设有一、二、三等奖及优秀奖。凡获奖者均颁发荣誉证书。//凡来我市进行技术合作的单位，均可根据自身的资金、设备、专长等条件，进行多领域、多层次的合作。
HSK7-9	假若/假使……，……	句子的类型	简单复句	假设复句	假若你不愿待在家里，你可以到湖边散散步，或在公园喝喝茶、下下棋。//我从来都不会后悔之前的决定，假使一切再从头来，结果也还是一样的。
HSK7-9	幸亏/幸好……，不然/否则……	句子的类型	简单复句	假设复句	幸好你今天中午替我打了饭，不然我就只有挨饿的份了。//幸亏老张告诉了我哥哥的电话号码，否则我就真没法跟哥哥联系了。
HSK7-9	纵然/纵使……，也……	句子的类型	简单复句	假设复句	纵然无人为他加油喝彩，他最终也还是夺取了本站比赛的冠军。//纵使出于好心，你也要注意沟通的方式，说话不要那么直接。
HSK7-9	（因）……，故……	句子的类型	简单复句	因果复句	富有智慧者看得透，故不争；胸襟豁达者想得开，故不斗。//肺肉瘤样癌是一种罕见的肺癌，因其症状、体征缺乏特异性，常需术后活检才能确诊，故明确诊断较难。
HSK7-9	……，以至（于）……	句子的类型	简单复句	因果复句	自从这种靶向药物问世之后，它的治疗癌症的功能被推崇到了极点，以至它在黑市上的价格被炒到了百万以上。//当下的素质教育实践呈现出明显的形式化特征，以至于一些学校将活动课的数量作为衡量素质教育实施的指标，反而加重了学生负担。
HSK7-9	别说……，都/也……	句子的类型	简单复句	递进复句	这本书别说本科生了，研究生读起来都费劲。//他现在没有收入来源，别说10万，就是一万块现在也拿不出。
HSK7-9	……不说，还……	句子的类型	简单复句	递进复句	你们在我家住着白吃白喝不说，还给我添乱。//消费者最怕的就是上当受骗，买到假冒伪劣商品，钱花了不说，还弄了一肚子气。
HSK7-9	连……都……，更不用说……了	句子的类型	简单复句	递进复句	这道题的解法连老师都得想半天，更不用说学生了。//他连简单的道歉都不肯，更不用说做出什么补偿了。
HSK7-9	……尚且……，（更）何况……	句子的类型	简单复句	递进复句	这样的影视作品，成人尚且不宜观看，何况是涉世未深的孩子。//高海拔地区土壤贫瘠、气候恶劣，野草生长尚且困难，更何况发展大规模农业？
HSK7-9	……，更不用说……了	句子的类型	简单复句	递进复句	听音乐如果音量过大，对成人的听力都会造成损伤，更不用说对婴幼儿了。所以，让婴幼儿听音乐时，音量要控制适当。//虽说“豪华型”大客车带有卧铺，但路况不好，一路颠簸。坐在这种车上，想打个盹常常都不容易，更不用说睡个安稳觉了。
HSK7-9	为（了）……起见，……	句子的类型	简单复句	目的复句	超强台风将在浦东登陆，为安全起见，长三角地区部分列车会临时停运。//医生说他手术恢复得很好，但为了保险起见，还是需要留院观察一段时间。
HSK7-9	……，以……	句子的类型	简单复句	目的复句	在广泛听取各方意见之后，工信部决定实施宽带提速计划，以实现上网速度与国际平均水平接轨。//世界卫生组织呼吁成员国加强合作，完善监督机制，保证有充裕的资金，以帮助广大发展中国家。
HSK7-9	非得……才……	句子的类型	简单复句	紧缩复句	为什么我事先对你百般劝说都没有用，非得酿成大错你才肯反思？//若是家长不给买玩具，“小皇帝”便会大哭大闹，非得把玩具弄到手才罢休。
HSK7-9	任……也……	句子的类型	简单复句	紧缩复句	他的小女儿要是哭起来，任谁也哄不好。//他的心情低落到了极点，似乎任什么事也不能让他开心一点。
HSK7-9	多重并列复句	句子的类型	多重复句		我8岁开始学拉二胡，现已达到第七级了；11岁开始学弹钢琴，现已通过第八级的考试。//我在孩子的成长过程中，给予他充分的自由。我不逼他学奥数，除非他自己愿意学；不逼他音乐考级，只求培养些许乐感；不逼他学外语，只为他提供开口讲外语的机会。
HSK7-9	多重转折复句	句子的类型	多重复句		今年虽然因为气温低，西瓜上市的时间推迟了，但总产量同比增长了近二成。//我清楚地记得那天她戴的是一枚钻戒，虽然她后来坚决否认，说她戴的只不过是枚普通金戒指，而且她发给我的照片也证实了这一点，可我还是不愿意承认我记错了。
HSK7-9	多重假设复句	句子的类型	多重复句		如果你足够努力，而且有一定的天赋，再加上一点点好运气，就一定能通过这次考试。//要是房子没有其他问题，只是因为租金高而迟迟租不出去，你就要考虑降一部分租金试试了。
HSK7-9	多重因果复句	句子的类型	多重复句		由于奥运会足球比赛一开始只面向准业余选手，所以它的水平不能与世界杯相比。于是在1930年乌拉圭举办第一届世界杯后，奥运会足球比赛就退居到次要位置。//他非常热衷于人体研究，因为在研究中不但可以获得新知识，而且还能对自己的身体状况有更深入的了解。
HSK7-9	多重递进复句	句子的类型	多重复句		他不但会吹笛子，而且吹得还挺好，甚至还会做笛子呢！//这个项目不如交给小张负责，这样既能考验小张的能力，又能满足董事长的要求，而且还可以不得罪总经理。
HSK7-9	时间顺序	语段（句群）			豆腐皮包肉的制作程序如下：取豆腐皮一袋用温水泡软，切成两个饺子皮大小的方块备用。将肉末用姜末、葱花、盐、味精、鸡蛋和好，再将几只冬菇泡软、切碎，放入肉末中拌匀。//在广泛调研的基础上，有关部门合并了一些高度类似的企业，停办一些消耗高、污染重、利润低的企业。经过调整以后，不少厂很快扭亏为盈。
HSK7-9	空间顺序	语段（句群）			20年前的长江中堡岛已不复存在。现在，在它的左边，大坝已矗立在波涛之中，左岸厂房坝、电厂、泄洪坝等已相继建成。在它的右边，三期工程的主体项目——右岸电厂正夜以继日地工作着。//站在广场的中心位置，向东望去，1号展馆坐落于馆区主轴线上。其南北分别为2、3号展馆。三个展馆从远处看排成一条线，十分整齐。绕过三馆，背后是4、5号展馆，分别位于2、3号馆的东侧，两馆皆为东西走向，共同构成环湖之势。
HSK7-9	逻辑顺序	语段（句群）			全球变暖是自然因素和人为因素共同作用的结果。一方面，近年来超强的厄尔尼诺现象显著升高了海水温度，使得大洋上空温度偏高。另一方面，人类活动，如大规模的工业排放和森林采伐，是更主要的原因。//该体制的优点是灾害响应速度快，处理突发情况效率高；缺点是不利于整合地方力量，也不利于平日村民自救意识的提高。
HSK7-9	话题延伸	语段（句群）			甘草i于亚欧大陆的中国北部、蒙古、俄罗斯西伯利亚地区、哈萨克斯坦、巴基斯坦等地都有分布，Øi在中国具体分布于东北、华北、西北等地。甘草i喜光照充足、干燥少雨、冬夏分明以及昼夜温差大的环境，甘草i具有喜光、耐旱、耐热、耐寒及耐盐碱等特性。//人工智能i是新一轮科技革命和产业变革的重要驱动力量，Øi是研究、开发用于模拟、延伸和扩展人的智能的理论、方法、技术及应用系统的一门新的技术科学。
HSK7-9	话题转换	语段（句群）			我在创作这幅作品时，是希望能够依靠背影去反映出人物的情绪和精神状态。至于这件作品的展出位置，在规划展厅布局时，就做了特别的安排。//我刻录光盘的速度都是软件默认的，如果自己去调高速度的话光盘容易报废。（至于）价钱嘛，买的比较多的话就一元一张盘。
HSK7-9	承前省略	语段（句群）			我奶奶虽然没有文化，【】做事却十分干脆，【】听了这话便找出存折，【】抱着我便径直走出家门去银行取钱。//中国政府秉承“以人为本”的精神，【】根据被援助国要求和国际社会的呼吁，【】及时提供了救灾物资、救援队和医疗队，【】尽力提供现汇资金援助，【】积极参与了国际合作的重大紧急救援任务。
HSK7-9	蒙后省略	语段（句群）			虽然【】没有得到为国家献身的机会，但也一直做好了准备；如果到了那一天，汪昌绪绝对丝毫不会犹豫。//无论【】平时工作多忙，【】回家多晚，王和平都会非常认真地检查孩子的作业。
